[10Mar2026 19:13:00.934] [main/INFO] [cpw.mods.modlauncher.Launcher/MODLAUNCHER]: ModLauncher running: args [--launchTarget, forgedatauserdev, --assetIndex, 5, --assetsDir, C:\Users\conno\.gradle\caches\forge_gradle\assets, --gameDir, ., --fml.forgeVersion, 47.3.1, --fml.mcVersion, 1.20.1, --fml.forgeGroup, net.minecraftforge, --fml.mcpVersion, 20230612.114412, --mod, artificers_armory, --all, --output, C:\Users\conno\OneDrive\Documents\Modding Projects\Artificer's Armory\Project Folders\Artificer's Armory - Forge-NeoForge 1.20.1\src\generated\resources, --existing, C:\Users\conno\OneDrive\Documents\Modding Projects\Artificer's Armory\Project Folders\Artificer's Armory - Forge-NeoForge 1.20.1\src\main\resources]
[10Mar2026 19:13:00.939] [main/INFO] [cpw.mods.modlauncher.Launcher/MODLAUNCHER]: ModLauncher 10.0.9+10.0.9+main.dcd20f30 starting: java version 17.0.17 by Eclipse Adoptium; OS Windows 11 arch amd64 version 10.0
[10Mar2026 19:13:00.999] [main/DEBUG] [cpw.mods.modlauncher.LaunchServiceHandler/MODLAUNCHER]: Found launch services [fmlclientdev,forgeclient,minecraft,forgegametestserverdev,fmlserveruserdev,fmlclient,fmldatauserdev,forgeserverdev,forgeserveruserdev,forgeclientdev,forgeclientuserdev,forgeserver,forgedatadev,fmlserver,fmlclientuserdev,fmlserverdev,forgedatauserdev,testharness,forgegametestserveruserdev]
[10Mar2026 19:13:01.013] [main/DEBUG] [cpw.mods.modlauncher.NameMappingServiceHandler/MODLAUNCHER]: Found naming services : [srgtomcp]
[10Mar2026 19:13:01.033] [main/DEBUG] [cpw.mods.modlauncher.LaunchPluginHandler/MODLAUNCHER]: Found launch plugins: [mixin,eventbus,slf4jfixer,object_holder_definalize,runtime_enum_extender,capability_token_subclass,accesstransformer,runtimedistcleaner]
[10Mar2026 19:13:01.044] [main/DEBUG] [cpw.mods.modlauncher.TransformationServicesHandler/MODLAUNCHER]: Discovering transformation services
[10Mar2026 19:13:01.050] [main/DEBUG] [net.minecraftforge.fml.loading.FMLPaths/CORE]: Path GAMEDIR is C:\Users\conno\OneDrive\Documents\Modding Projects\Artificer's Armory\Project Folders\Artificer's Armory - Forge-NeoForge 1.20.1\run-data
[10Mar2026 19:13:01.050] [main/DEBUG] [net.minecraftforge.fml.loading.FMLPaths/CORE]: Path MODSDIR is C:\Users\conno\OneDrive\Documents\Modding Projects\Artificer's Armory\Project Folders\Artificer's Armory - Forge-NeoForge 1.20.1\run-data\mods
[10Mar2026 19:13:01.051] [main/DEBUG] [net.minecraftforge.fml.loading.FMLPaths/CORE]: Path CONFIGDIR is C:\Users\conno\OneDrive\Documents\Modding Projects\Artificer's Armory\Project Folders\Artificer's Armory - Forge-NeoForge 1.20.1\run-data\config
[10Mar2026 19:13:01.051] [main/DEBUG] [net.minecraftforge.fml.loading.FMLPaths/CORE]: Path FMLCONFIG is C:\Users\conno\OneDrive\Documents\Modding Projects\Artificer's Armory\Project Folders\Artificer's Armory - Forge-NeoForge 1.20.1\run-data\config\fml.toml
[10Mar2026 19:13:01.076] [main/DEBUG] [cpw.mods.modlauncher.TransformationServicesHandler/MODLAUNCHER]: Found additional transformation services from discovery services: 
[10Mar2026 19:13:01.082] [main/INFO] [net.minecraftforge.fml.loading.ImmediateWindowHandler/]: ImmediateWindowProvider not loading because launch target is forgedatauserdev
[10Mar2026 19:13:01.089] [main/DEBUG] [cpw.mods.modlauncher.TransformationServicesHandler/MODLAUNCHER]: Found transformer services : [mixin,fml]
[10Mar2026 19:13:01.089] [main/DEBUG] [cpw.mods.modlauncher.TransformationServicesHandler/MODLAUNCHER]: Transformation services loading
[10Mar2026 19:13:01.090] [main/DEBUG] [cpw.mods.modlauncher.TransformationServiceDecorator/MODLAUNCHER]: Loading service mixin
[10Mar2026 19:13:01.090] [main/DEBUG] [cpw.mods.modlauncher.TransformationServiceDecorator/MODLAUNCHER]: Loaded service mixin
[10Mar2026 19:13:01.090] [main/DEBUG] [cpw.mods.modlauncher.TransformationServiceDecorator/MODLAUNCHER]: Loading service fml
[10Mar2026 19:13:01.091] [main/DEBUG] [net.minecraftforge.fml.loading.LauncherVersion/CORE]: Found FMLLauncher version 1.0
[10Mar2026 19:13:01.091] [main/DEBUG] [net.minecraftforge.fml.loading.FMLLoader/CORE]: FML 1.0 loading
[10Mar2026 19:13:01.091] [main/DEBUG] [net.minecraftforge.fml.loading.FMLLoader/CORE]: FML found ModLauncher version : 10.0.9+10.0.9+main.dcd20f30
[10Mar2026 19:13:01.091] [main/DEBUG] [net.minecraftforge.fml.loading.FMLLoader/CORE]: FML found AccessTransformer version : 8.0.4+66+master.c09db6d7
[10Mar2026 19:13:01.091] [main/DEBUG] [net.minecraftforge.fml.loading.FMLLoader/CORE]: FML found EventBus version : 6.0.5+6.0.5+master.eb8e549b
[10Mar2026 19:13:01.092] [main/DEBUG] [net.minecraftforge.fml.loading.FMLLoader/CORE]: Found Runtime Dist Cleaner
[10Mar2026 19:13:01.093] [main/DEBUG] [net.minecraftforge.fml.loading.FMLLoader/CORE]: FML found CoreMod version : 5.1.6
[10Mar2026 19:13:01.093] [main/DEBUG] [net.minecraftforge.fml.loading.FMLLoader/CORE]: Found ForgeSPI package implementation version 7.0.1+7.0.1+master.d2b38bf6
[10Mar2026 19:13:01.093] [main/DEBUG] [net.minecraftforge.fml.loading.FMLLoader/CORE]: Found ForgeSPI package specification 5
[10Mar2026 19:13:01.093] [main/DEBUG] [cpw.mods.modlauncher.TransformationServiceDecorator/MODLAUNCHER]: Loaded service fml
[10Mar2026 19:13:01.094] [main/DEBUG] [cpw.mods.modlauncher.TransformationServicesHandler/MODLAUNCHER]: Configuring option handling for services
[10Mar2026 19:13:01.102] [main/DEBUG] [cpw.mods.modlauncher.TransformationServicesHandler/MODLAUNCHER]: Transformation services initializing
[10Mar2026 19:13:01.102] [main/DEBUG] [cpw.mods.modlauncher.TransformationServiceDecorator/MODLAUNCHER]: Initializing transformation service mixin
[10Mar2026 19:13:01.116] [main/DEBUG] [mixin/]: MixinService [ModLauncher] was successfully booted in cpw.mods.cl.ModuleClassLoader@34b7ac2f
[10Mar2026 19:13:01.125] [main/INFO] [mixin/]: SpongePowered MIXIN Subsystem Version=0.8.5 Source=union:/C:/Users/conno/.gradle/caches/modules-2/files-2.1/org.spongepowered/mixin/0.8.5/9d1c0c3a304ae6697ecd477218fa61b850bf57fc/mixin-0.8.5.jar%23128!/ Service=ModLauncher Env=CLIENT
[10Mar2026 19:13:01.127] [main/DEBUG] [mixin/]: Initialising Mixin Platform Manager
[10Mar2026 19:13:01.128] [main/DEBUG] [mixin/]: Adding mixin platform agents for container ModLauncher Root Container(ModLauncher:4f56a0a2)
[10Mar2026 19:13:01.129] [main/DEBUG] [mixin/]: Instancing new MixinPlatformAgentMinecraftForge for ModLauncher Root Container(ModLauncher:4f56a0a2)
[10Mar2026 19:13:01.129] [main/DEBUG] [mixin/]: MixinPlatformAgentMinecraftForge rejected container ModLauncher Root Container(ModLauncher:4f56a0a2)
[10Mar2026 19:13:01.130] [main/DEBUG] [mixin/]: Instancing new MixinPlatformAgentDefault for ModLauncher Root Container(ModLauncher:4f56a0a2)
[10Mar2026 19:13:01.130] [main/DEBUG] [mixin/]: MixinPlatformAgentDefault accepted container ModLauncher Root Container(ModLauncher:4f56a0a2)
[10Mar2026 19:13:01.131] [main/DEBUG] [cpw.mods.modlauncher.TransformationServiceDecorator/MODLAUNCHER]: Initialized transformation service mixin
[10Mar2026 19:13:01.131] [main/DEBUG] [cpw.mods.modlauncher.TransformationServiceDecorator/MODLAUNCHER]: Initializing transformation service fml
[10Mar2026 19:13:01.132] [main/DEBUG] [net.minecraftforge.fml.loading.FMLServiceProvider/CORE]: Setting up basic FML game directories
[10Mar2026 19:13:01.132] [main/DEBUG] [net.minecraftforge.fml.loading.FMLPaths/CORE]: Path GAMEDIR is C:\Users\conno\OneDrive\Documents\Modding Projects\Artificer's Armory\Project Folders\Artificer's Armory - Forge-NeoForge 1.20.1\run-data
[10Mar2026 19:13:01.132] [main/DEBUG] [net.minecraftforge.fml.loading.FMLPaths/CORE]: Path MODSDIR is C:\Users\conno\OneDrive\Documents\Modding Projects\Artificer's Armory\Project Folders\Artificer's Armory - Forge-NeoForge 1.20.1\run-data\mods
[10Mar2026 19:13:01.132] [main/DEBUG] [net.minecraftforge.fml.loading.FMLPaths/CORE]: Path CONFIGDIR is C:\Users\conno\OneDrive\Documents\Modding Projects\Artificer's Armory\Project Folders\Artificer's Armory - Forge-NeoForge 1.20.1\run-data\config
[10Mar2026 19:13:01.132] [main/DEBUG] [net.minecraftforge.fml.loading.FMLPaths/CORE]: Path FMLCONFIG is C:\Users\conno\OneDrive\Documents\Modding Projects\Artificer's Armory\Project Folders\Artificer's Armory - Forge-NeoForge 1.20.1\run-data\config\fml.toml
[10Mar2026 19:13:01.133] [main/DEBUG] [net.minecraftforge.fml.loading.FMLServiceProvider/CORE]: Loading configuration
[10Mar2026 19:13:01.134] [main/DEBUG] [net.minecraftforge.fml.loading.FMLServiceProvider/CORE]: Preparing ModFile
[10Mar2026 19:13:01.136] [main/DEBUG] [net.minecraftforge.fml.loading.FMLServiceProvider/CORE]: Preparing launch handler
[10Mar2026 19:13:01.136] [main/DEBUG] [net.minecraftforge.fml.loading.FMLLoader/CORE]: Using forgedatauserdev as launch service
[10Mar2026 19:13:01.145] [main/DEBUG] [net.minecraftforge.fml.loading.FMLLoader/CORE]: Received command line version data  : VersionInfo[forgeVersion=47.3.1, mcVersion=1.20.1, mcpVersion=20230612.114412, forgeGroup=net.minecraftforge]
[10Mar2026 19:13:01.147] [main/DEBUG] [cpw.mods.modlauncher.TransformationServiceDecorator/MODLAUNCHER]: Initialized transformation service fml
[10Mar2026 19:13:01.148] [main/DEBUG] [cpw.mods.modlauncher.NameMappingServiceHandler/MODLAUNCHER]: Current naming domain is 'mcp'
[10Mar2026 19:13:01.148] [main/DEBUG] [cpw.mods.modlauncher.NameMappingServiceHandler/MODLAUNCHER]: Identified name mapping providers {srg=srgtomcp:1234}
[10Mar2026 19:13:01.148] [main/DEBUG] [cpw.mods.modlauncher.TransformationServicesHandler/MODLAUNCHER]: Transformation services begin scanning
[10Mar2026 19:13:01.149] [main/DEBUG] [cpw.mods.modlauncher.TransformationServiceDecorator/MODLAUNCHER]: Beginning scan trigger - transformation service mixin
[10Mar2026 19:13:01.149] [main/DEBUG] [cpw.mods.modlauncher.TransformationServiceDecorator/MODLAUNCHER]: End scan trigger - transformation service mixin
[10Mar2026 19:13:01.149] [main/DEBUG] [cpw.mods.modlauncher.TransformationServiceDecorator/MODLAUNCHER]: Beginning scan trigger - transformation service fml
[10Mar2026 19:13:01.150] [main/DEBUG] [net.minecraftforge.fml.loading.FMLServiceProvider/CORE]: Initiating mod scan
[10Mar2026 19:13:01.160] [main/DEBUG] [net.minecraftforge.fml.loading.moddiscovery.ModListHandler/CORE]: Found mod coordinates from lists: []
[10Mar2026 19:13:01.165] [main/DEBUG] [net.minecraftforge.fml.loading.moddiscovery.ModDiscoverer/CORE]: Found Mod Locators : (mods folder:null),(maven libs:null),(exploded directory:null),(minecraft:null),(userdev classpath:null)
[10Mar2026 19:13:01.165] [main/DEBUG] [net.minecraftforge.fml.loading.moddiscovery.ModDiscoverer/CORE]: Found Dependency Locators : (JarInJar:null)
[10Mar2026 19:13:01.172] [main/DEBUG] [net.minecraftforge.fml.loading.targets.CommonLaunchHandler/CORE]: Got mod coordinates artificers_armory%%C:\Users\conno\OneDrive\Documents\Modding Projects\Artificer's Armory\Project Folders\Artificer's Armory - Forge-NeoForge 1.20.1\build\resources\main;artificers_armory%%C:\Users\conno\OneDrive\Documents\Modding Projects\Artificer's Armory\Project Folders\Artificer's Armory - Forge-NeoForge 1.20.1\build\classes\java\main from env
[10Mar2026 19:13:01.174] [main/DEBUG] [net.minecraftforge.fml.loading.targets.CommonLaunchHandler/CORE]: Found supplied mod coordinates [{artificers_armory=[C:\Users\conno\OneDrive\Documents\Modding Projects\Artificer's Armory\Project Folders\Artificer's Armory - Forge-NeoForge 1.20.1\build\resources\main, C:\Users\conno\OneDrive\Documents\Modding Projects\Artificer's Armory\Project Folders\Artificer's Armory - Forge-NeoForge 1.20.1\build\classes\java\main]}]
[10Mar2026 19:13:01.394] [main/DEBUG] [net.minecraftforge.fml.loading.moddiscovery.ModFileInfo/LOADING]: Found valid mod file forge-1.20.1-47.3.1_mapped_parchment_2023.09.03-1.20.1-recomp.jar with {minecraft} mods - versions {1.20.1}
[10Mar2026 19:13:01.398] [main/DEBUG] [net.minecraftforge.fml.loading.moddiscovery.ModFileParser/LOADING]: Considering mod file candidate C:\Users\conno\.gradle\caches\modules-2\files-2.1\net.minecraftforge\javafmllanguage\1.20.1-47.3.1\b9fa98d5c9fa107169a3390a1c8993d2134fbf54\javafmllanguage-1.20.1-47.3.1.jar
[10Mar2026 19:13:01.398] [main/WARN] [net.minecraftforge.fml.loading.moddiscovery.ModFileParser/LOADING]: Mod file C:\Users\conno\.gradle\caches\modules-2\files-2.1\net.minecraftforge\javafmllanguage\1.20.1-47.3.1\b9fa98d5c9fa107169a3390a1c8993d2134fbf54\javafmllanguage-1.20.1-47.3.1.jar is missing mods.toml file
[10Mar2026 19:13:01.400] [main/DEBUG] [net.minecraftforge.fml.loading.moddiscovery.ModFileParser/LOADING]: Considering mod file candidate C:\Users\conno\.gradle\caches\modules-2\files-2.1\net.minecraftforge\lowcodelanguage\1.20.1-47.3.1\aaa252b4d4c34d0c02e647d7a2ef3df3bc11d73a\lowcodelanguage-1.20.1-47.3.1.jar
[10Mar2026 19:13:01.400] [main/WARN] [net.minecraftforge.fml.loading.moddiscovery.ModFileParser/LOADING]: Mod file C:\Users\conno\.gradle\caches\modules-2\files-2.1\net.minecraftforge\lowcodelanguage\1.20.1-47.3.1\aaa252b4d4c34d0c02e647d7a2ef3df3bc11d73a\lowcodelanguage-1.20.1-47.3.1.jar is missing mods.toml file
[10Mar2026 19:13:01.402] [main/DEBUG] [net.minecraftforge.fml.loading.moddiscovery.ModFileParser/LOADING]: Considering mod file candidate C:\Users\conno\.gradle\caches\modules-2\files-2.1\net.minecraftforge\mclanguage\1.20.1-47.3.1\1722b26446496b5e686cdf124342e8f7fd33dc91\mclanguage-1.20.1-47.3.1.jar
[10Mar2026 19:13:01.402] [main/WARN] [net.minecraftforge.fml.loading.moddiscovery.ModFileParser/LOADING]: Mod file C:\Users\conno\.gradle\caches\modules-2\files-2.1\net.minecraftforge\mclanguage\1.20.1-47.3.1\1722b26446496b5e686cdf124342e8f7fd33dc91\mclanguage-1.20.1-47.3.1.jar is missing mods.toml file
[10Mar2026 19:13:01.405] [main/DEBUG] [net.minecraftforge.fml.loading.moddiscovery.ModFileParser/LOADING]: Considering mod file candidate C:\Users\conno\.gradle\caches\modules-2\files-2.1\net.minecraftforge\fmlcore\1.20.1-47.3.1\4ed2bfe4ae3a6c27f587d45f58d648db68d19c00\fmlcore-1.20.1-47.3.1.jar
[10Mar2026 19:13:01.406] [main/WARN] [net.minecraftforge.fml.loading.moddiscovery.ModFileParser/LOADING]: Mod file C:\Users\conno\.gradle\caches\modules-2\files-2.1\net.minecraftforge\fmlcore\1.20.1-47.3.1\4ed2bfe4ae3a6c27f587d45f58d648db68d19c00\fmlcore-1.20.1-47.3.1.jar is missing mods.toml file
[10Mar2026 19:13:01.410] [main/DEBUG] [net.minecraftforge.fml.loading.moddiscovery.ModFileParser/LOADING]: Considering mod file candidate C:\Users\conno\OneDrive\Documents\Modding Projects\Artificer's Armory\Project Folders\Artificer's Armory - Forge-NeoForge 1.20.1\build\resources\main
[10Mar2026 19:13:01.420] [main/DEBUG] [net.minecraftforge.fml.loading.moddiscovery.ModFileInfo/LOADING]: Found valid mod file main with {artificers_armory} mods - versions {0.1-1.20.1}
[10Mar2026 19:13:01.422] [main/DEBUG] [net.minecraftforge.fml.loading.moddiscovery.ModFileParser/LOADING]: Considering mod file candidate /
[10Mar2026 19:13:01.424] [main/DEBUG] [net.minecraftforge.fml.loading.moddiscovery.ModFileInfo/LOADING]: Found valid mod file  with {forge} mods - versions {47.3.1}
[10Mar2026 19:13:01.438] [main/DEBUG] [net.minecraftforge.fml.loading.moddiscovery.ModFileParser/LOADING]: Considering mod file candidate C:\Users\conno\.gradle\caches\forge_gradle\deobf_dependencies\software\bernie\geckolib\geckolib-forge-1.20.1\4.8.2_mapped_parchment_2023.09.03-1.20.1\geckolib-forge-1.20.1-4.8.2_mapped_parchment_2023.09.03-1.20.1.jar
[10Mar2026 19:13:01.439] [main/DEBUG] [net.minecraftforge.fml.loading.moddiscovery.ModFileInfo/LOADING]: Found valid mod file geckolib-forge-1.20.1-4.8.2_mapped_parchment_2023.09.03-1.20.1.jar with {geckolib} mods - versions {4.8.2}
[10Mar2026 19:13:01.441] [main/DEBUG] [net.minecraftforge.fml.loading.moddiscovery.ModFileParser/LOADING]: Considering mod file candidate C:\Users\conno\.gradle\caches\forge_gradle\deobf_dependencies\mezz\jei\jei-1.20.1-forge\15.8.2.26_mapped_parchment_2023.09.03-1.20.1\jei-1.20.1-forge-15.8.2.26_mapped_parchment_2023.09.03-1.20.1.jar
[10Mar2026 19:13:01.442] [main/DEBUG] [net.minecraftforge.fml.loading.moddiscovery.ModFileInfo/LOADING]: Found valid mod file jei-1.20.1-forge-15.8.2.26_mapped_parchment_2023.09.03-1.20.1.jar with {jei} mods - versions {15.8.2.26}
[10Mar2026 19:13:01.444] [main/DEBUG] [net.minecraftforge.fml.loading.moddiscovery.ModFileParser/LOADING]: Considering mod file candidate C:\Users\conno\.gradle\caches\forge_gradle\deobf_dependencies\software\bernie\geckolib\geckolib-forge-1.20.1\4.8.2_mapped_parchment_2023.09.03-1.20.1\geckolib-forge-1.20.1-4.8.2_mapped_parchment_2023.09.03-1.20.1.jar
[10Mar2026 19:13:01.445] [main/DEBUG] [net.minecraftforge.fml.loading.moddiscovery.ModFileInfo/LOADING]: Found valid mod file geckolib-forge-1.20.1-4.8.2_mapped_parchment_2023.09.03-1.20.1.jar with {geckolib} mods - versions {4.8.2}
[10Mar2026 19:13:01.450] [main/DEBUG] [net.minecraftforge.fml.loading.moddiscovery.ModFileParser/LOADING]: Considering mod file candidate C:\Users\conno\.gradle\caches\forge_gradle\deobf_dependencies\mezz\jei\jei-1.20.1-forge\15.8.2.26_mapped_parchment_2023.09.03-1.20.1\jei-1.20.1-forge-15.8.2.26_mapped_parchment_2023.09.03-1.20.1.jar
[10Mar2026 19:13:01.451] [main/DEBUG] [net.minecraftforge.fml.loading.moddiscovery.ModFileInfo/LOADING]: Found valid mod file jei-1.20.1-forge-15.8.2.26_mapped_parchment_2023.09.03-1.20.1.jar with {jei} mods - versions {15.8.2.26}
[10Mar2026 19:13:01.464] [main/DEBUG] [net.minecraftforge.fml.loading.UniqueModListBuilder/]: Found 2 mods for first modid geckolib, selecting most recent based on version data
[10Mar2026 19:13:01.465] [main/DEBUG] [net.minecraftforge.fml.loading.UniqueModListBuilder/]: Selected file geckolib-forge-1.20.1-4.8.2_mapped_parchment_2023.09.03-1.20.1.jar for modid geckolib with version 4.8.2
[10Mar2026 19:13:01.466] [main/DEBUG] [net.minecraftforge.fml.loading.UniqueModListBuilder/]: Found 2 mods for first modid jei, selecting most recent based on version data
[10Mar2026 19:13:01.466] [main/DEBUG] [net.minecraftforge.fml.loading.UniqueModListBuilder/]: Selected file jei-1.20.1-forge-15.8.2.26_mapped_parchment_2023.09.03-1.20.1.jar for modid jei with version 15.8.2.26
[10Mar2026 19:13:01.476] [main/DEBUG] [net.minecraftforge.fml.loading.moddiscovery.AbstractJarFileDependencyLocator/]: Failed to load resource META-INF\jarjar\metadata.json from forge-1.20.1-47.3.1_mapped_parchment_2023.09.03-1.20.1-recomp.jar, it does not contain dependency information.
[10Mar2026 19:13:01.476] [main/DEBUG] [net.minecraftforge.fml.loading.moddiscovery.AbstractJarFileDependencyLocator/]: Failed to load resource META-INF\jarjar\metadata.json from , it does not contain dependency information.
[10Mar2026 19:13:01.477] [main/DEBUG] [net.minecraftforge.fml.loading.moddiscovery.AbstractJarFileDependencyLocator/]: Failed to load resource META-INF\jarjar\metadata.json from jei-1.20.1-forge-15.8.2.26_mapped_parchment_2023.09.03-1.20.1.jar, it does not contain dependency information.
[10Mar2026 19:13:01.477] [main/DEBUG] [net.minecraftforge.fml.loading.moddiscovery.AbstractJarFileDependencyLocator/]: Failed to load resource META-INF\jarjar\metadata.json from main, it does not contain dependency information.
[10Mar2026 19:13:01.477] [main/DEBUG] [net.minecraftforge.fml.loading.moddiscovery.AbstractJarFileDependencyLocator/]: Failed to load resource META-INF\jarjar\metadata.json from mclanguage-1.20.1-47.3.1.jar, it does not contain dependency information.
[10Mar2026 19:13:01.477] [main/DEBUG] [net.minecraftforge.fml.loading.moddiscovery.AbstractJarFileDependencyLocator/]: Failed to load resource META-INF\jarjar\metadata.json from javafmllanguage-1.20.1-47.3.1.jar, it does not contain dependency information.
[10Mar2026 19:13:01.477] [main/DEBUG] [net.minecraftforge.fml.loading.moddiscovery.AbstractJarFileDependencyLocator/]: Failed to load resource META-INF\jarjar\metadata.json from fmlcore-1.20.1-47.3.1.jar, it does not contain dependency information.
[10Mar2026 19:13:01.477] [main/DEBUG] [net.minecraftforge.fml.loading.moddiscovery.AbstractJarFileDependencyLocator/]: Failed to load resource META-INF\jarjar\metadata.json from lowcodelanguage-1.20.1-47.3.1.jar, it does not contain dependency information.
[10Mar2026 19:13:01.543] [main/DEBUG] [net.minecraftforge.fml.loading.moddiscovery.AbstractJarFileDependencyLocator/]: Failed to load resource META-INF\jarjar\metadata.json from mclib-20.jar, it does not contain dependency information.
[10Mar2026 19:13:01.584] [main/INFO] [net.minecraftforge.fml.loading.moddiscovery.JarInJarDependencyLocator/]: Found 1 dependencies adding them to mods collection
[10Mar2026 19:13:01.587] [main/DEBUG] [net.minecraftforge.fml.loading.moddiscovery.ModFileInfo/LOADING]: Found valid mod file forge-1.20.1-47.3.1_mapped_parchment_2023.09.03-1.20.1-recomp.jar with {minecraft} mods - versions {1.20.1}
[10Mar2026 19:13:01.590] [main/DEBUG] [net.minecraftforge.fml.loading.moddiscovery.ModFile/LOADING]: Loading mod file C:\Users\conno\.gradle\caches\forge_gradle\minecraft_user_repo\net\minecraftforge\forge\1.20.1-47.3.1_mapped_parchment_2023.09.03-1.20.1\forge-1.20.1-47.3.1_mapped_parchment_2023.09.03-1.20.1-recomp.jar with languages [LanguageSpec[languageName=minecraft, acceptedVersions=1]]
[10Mar2026 19:13:01.592] [main/DEBUG] [net.minecraftforge.fml.loading.moddiscovery.ModFileParser/LOADING]: Considering mod file candidate /
[10Mar2026 19:13:01.592] [main/DEBUG] [net.minecraftforge.fml.loading.moddiscovery.ModFileInfo/LOADING]: Found valid mod file  with {forge} mods - versions {47.3.1}
[10Mar2026 19:13:01.592] [main/DEBUG] [net.minecraftforge.fml.loading.moddiscovery.ModFile/LOADING]: Loading mod file / with languages [LanguageSpec[languageName=javafml, acceptedVersions=[24,]]]
[10Mar2026 19:13:01.596] [main/DEBUG] [net.minecraftforge.fml.loading.moddiscovery.ModFileParser/LOADING]: Found coremod field_to_method with Javascript path coremods/field_to_method.js
[10Mar2026 19:13:01.596] [main/DEBUG] [net.minecraftforge.fml.loading.moddiscovery.ModFileParser/LOADING]: Found coremod field_to_instanceof with Javascript path coremods/field_to_instanceof.js
[10Mar2026 19:13:01.596] [main/DEBUG] [net.minecraftforge.fml.loading.moddiscovery.ModFileParser/LOADING]: Found coremod add_bouncer_method with Javascript path coremods/add_bouncer_method.js
[10Mar2026 19:13:01.596] [main/DEBUG] [net.minecraftforge.fml.loading.moddiscovery.ModFileParser/LOADING]: Found coremod method_redirector with Javascript path coremods/method_redirector.js
[10Mar2026 19:13:01.596] [main/DEBUG] [net.minecraftforge.fml.loading.moddiscovery.ModFile/LOADING]: Found coremod coremods/field_to_method.js
[10Mar2026 19:13:01.596] [main/DEBUG] [net.minecraftforge.fml.loading.moddiscovery.ModFile/LOADING]: Found coremod coremods/field_to_instanceof.js
[10Mar2026 19:13:01.596] [main/DEBUG] [net.minecraftforge.fml.loading.moddiscovery.ModFile/LOADING]: Found coremod coremods/add_bouncer_method.js
[10Mar2026 19:13:01.596] [main/DEBUG] [net.minecraftforge.fml.loading.moddiscovery.ModFile/LOADING]: Found coremod coremods/method_redirector.js
[10Mar2026 19:13:01.596] [main/DEBUG] [net.minecraftforge.fml.loading.moddiscovery.ModFileParser/LOADING]: Considering mod file candidate C:\Users\conno\.gradle\caches\forge_gradle\deobf_dependencies\software\bernie\geckolib\geckolib-forge-1.20.1\4.8.2_mapped_parchment_2023.09.03-1.20.1\geckolib-forge-1.20.1-4.8.2_mapped_parchment_2023.09.03-1.20.1.jar
[10Mar2026 19:13:01.597] [main/DEBUG] [net.minecraftforge.fml.loading.moddiscovery.ModFileInfo/LOADING]: Found valid mod file geckolib-forge-1.20.1-4.8.2_mapped_parchment_2023.09.03-1.20.1.jar with {geckolib} mods - versions {4.8.2}
[10Mar2026 19:13:01.597] [main/DEBUG] [net.minecraftforge.fml.loading.moddiscovery.ModFile/LOADING]: Loading mod file C:\Users\conno\.gradle\caches\forge_gradle\deobf_dependencies\software\bernie\geckolib\geckolib-forge-1.20.1\4.8.2_mapped_parchment_2023.09.03-1.20.1\geckolib-forge-1.20.1-4.8.2_mapped_parchment_2023.09.03-1.20.1.jar with languages [LanguageSpec[languageName=javafml, acceptedVersions=[47,)]]
[10Mar2026 19:13:01.597] [main/DEBUG] [net.minecraftforge.fml.loading.moddiscovery.ModFileParser/LOADING]: Considering mod file candidate C:\Users\conno\OneDrive\Documents\Modding Projects\Artificer's Armory\Project Folders\Artificer's Armory - Forge-NeoForge 1.20.1\build\resources\main
[10Mar2026 19:13:01.598] [main/DEBUG] [net.minecraftforge.fml.loading.moddiscovery.ModFileInfo/LOADING]: Found valid mod file main with {artificers_armory} mods - versions {0.1-1.20.1}
[10Mar2026 19:13:01.598] [main/DEBUG] [net.minecraftforge.fml.loading.moddiscovery.ModFile/LOADING]: Loading mod file C:\Users\conno\OneDrive\Documents\Modding Projects\Artificer's Armory\Project Folders\Artificer's Armory - Forge-NeoForge 1.20.1\build\resources\main with languages [LanguageSpec[languageName=javafml, acceptedVersions=[47,)]]
[10Mar2026 19:13:01.598] [main/DEBUG] [net.minecraftforge.fml.loading.moddiscovery.ModFileParser/LOADING]: Considering mod file candidate C:\Users\conno\.gradle\caches\forge_gradle\deobf_dependencies\mezz\jei\jei-1.20.1-forge\15.8.2.26_mapped_parchment_2023.09.03-1.20.1\jei-1.20.1-forge-15.8.2.26_mapped_parchment_2023.09.03-1.20.1.jar
[10Mar2026 19:13:01.599] [main/DEBUG] [net.minecraftforge.fml.loading.moddiscovery.ModFileInfo/LOADING]: Found valid mod file jei-1.20.1-forge-15.8.2.26_mapped_parchment_2023.09.03-1.20.1.jar with {jei} mods - versions {15.8.2.26}
[10Mar2026 19:13:01.599] [main/DEBUG] [net.minecraftforge.fml.loading.moddiscovery.ModFile/LOADING]: Loading mod file C:\Users\conno\.gradle\caches\forge_gradle\deobf_dependencies\mezz\jei\jei-1.20.1-forge\15.8.2.26_mapped_parchment_2023.09.03-1.20.1\jei-1.20.1-forge-15.8.2.26_mapped_parchment_2023.09.03-1.20.1.jar with languages [LanguageSpec[languageName=javafml, acceptedVersions=[47,)]]
[10Mar2026 19:13:01.599] [main/DEBUG] [net.minecraftforge.fml.loading.moddiscovery.ModFile/LOADING]: Loading mod file  with languages []
[10Mar2026 19:13:01.599] [main/DEBUG] [net.minecraftforge.fml.loading.moddiscovery.ModFile/LOADING]: Loading mod file  with languages []
[10Mar2026 19:13:01.601] [main/DEBUG] [cpw.mods.modlauncher.TransformationServiceDecorator/MODLAUNCHER]: End scan trigger - transformation service fml
[10Mar2026 19:13:01.614] [main/DEBUG] [net.minecraftforge.fml.loading.LanguageLoadingProvider/CORE]: Found 3 language providers
[10Mar2026 19:13:01.616] [main/DEBUG] [net.minecraftforge.fml.loading.LanguageLoadingProvider/CORE]: Found language provider minecraft, version 1.0
[10Mar2026 19:13:01.617] [main/DEBUG] [net.minecraftforge.fml.loading.LanguageLoadingProvider/CORE]: Found language provider lowcodefml, version 47
[10Mar2026 19:13:01.617] [main/DEBUG] [net.minecraftforge.fml.loading.LanguageLoadingProvider/CORE]: Found language provider javafml, version 47
[10Mar2026 19:13:01.623] [main/DEBUG] [net.minecraftforge.fml.loading.UniqueModListBuilder/]: Found 2 mods for first modid mclib, selecting most recent based on version data
[10Mar2026 19:13:01.625] [main/DEBUG] [net.minecraftforge.fml.loading.UniqueModListBuilder/]: Selected file mclib-20.jar for modid mclib with version 0.0NONE
[10Mar2026 19:13:01.627] [main/DEBUG] [net.minecraftforge.fml.loading.ModSorter/]: Configured system mods: [minecraft, forge]
[10Mar2026 19:13:01.627] [main/DEBUG] [net.minecraftforge.fml.loading.ModSorter/]: Found system mod: minecraft
[10Mar2026 19:13:01.628] [main/DEBUG] [net.minecraftforge.fml.loading.ModSorter/]: Found system mod: forge
[10Mar2026 19:13:01.632] [main/DEBUG] [net.minecraftforge.fml.loading.ModSorter/LOADING]: Found 6 mod requirements (6 mandatory, 0 optional)
[10Mar2026 19:13:01.632] [main/DEBUG] [net.minecraftforge.fml.loading.ModSorter/LOADING]: Found 0 mod requirements missing (0 mandatory, 0 optional)
[10Mar2026 19:13:02.005] [main/DEBUG] [net.minecraftforge.fml.loading.MCPNamingService/CORE]: Loaded 34318 method mappings from methods.csv
[10Mar2026 19:13:02.028] [main/DEBUG] [net.minecraftforge.fml.loading.MCPNamingService/CORE]: Loaded 31014 field mappings from fields.csv
[10Mar2026 19:13:02.071] [main/DEBUG] [cpw.mods.modlauncher.TransformationServicesHandler/MODLAUNCHER]: Transformation services loading transformers
[10Mar2026 19:13:02.072] [main/DEBUG] [cpw.mods.modlauncher.TransformationServiceDecorator/MODLAUNCHER]: Initializing transformers for transformation service mixin
[10Mar2026 19:13:02.073] [main/DEBUG] [cpw.mods.modlauncher.TransformationServiceDecorator/MODLAUNCHER]: Initialized transformers for transformation service mixin
[10Mar2026 19:13:02.073] [main/DEBUG] [cpw.mods.modlauncher.TransformationServiceDecorator/MODLAUNCHER]: Initializing transformers for transformation service fml
[10Mar2026 19:13:02.073] [main/DEBUG] [net.minecraftforge.fml.loading.FMLServiceProvider/CORE]: Loading coremod transformers
[10Mar2026 19:13:02.074] [main/DEBUG] [net.minecraftforge.coremod.CoreModEngine/COREMOD]: Loading CoreMod from coremods/field_to_method.js
[10Mar2026 19:13:02.377] [main/DEBUG] [net.minecraftforge.coremod.CoreModEngine/COREMOD]: CoreMod loaded successfully
[10Mar2026 19:13:02.377] [main/DEBUG] [net.minecraftforge.coremod.CoreModEngine/COREMOD]: Loading CoreMod from coremods/field_to_instanceof.js
[10Mar2026 19:13:02.462] [main/DEBUG] [net.minecraftforge.coremod.CoreModEngine/COREMOD]: CoreMod loaded successfully
[10Mar2026 19:13:02.463] [main/DEBUG] [net.minecraftforge.coremod.CoreModEngine/COREMOD]: Loading CoreMod from coremods/add_bouncer_method.js
[10Mar2026 19:13:02.497] [main/DEBUG] [net.minecraftforge.coremod.CoreModEngine/COREMOD]: CoreMod loaded successfully
[10Mar2026 19:13:02.498] [main/DEBUG] [net.minecraftforge.coremod.CoreModEngine/COREMOD]: Loading CoreMod from coremods/method_redirector.js
[10Mar2026 19:13:02.553] [main/DEBUG] [net.minecraftforge.coremod.CoreModEngine/COREMOD]: CoreMod loaded successfully
[10Mar2026 19:13:02.572] [main/DEBUG] [cpw.mods.modlauncher.TransformStore/MODLAUNCHER]: Adding transformer net.minecraftforge.coremod.transformer.CoreModClassTransformer@6848a051 to Target : CLASS {Lnet/minecraft/world/level/biome/Biome;} {} {V}
[10Mar2026 19:13:02.575] [main/DEBUG] [cpw.mods.modlauncher.TransformStore/MODLAUNCHER]: Adding transformer net.minecraftforge.coremod.transformer.CoreModClassTransformer@30c4e352 to Target : CLASS {Lnet/minecraft/world/level/levelgen/structure/Structure;} {} {V}
[10Mar2026 19:13:02.575] [main/DEBUG] [cpw.mods.modlauncher.TransformStore/MODLAUNCHER]: Adding transformer net.minecraftforge.coremod.transformer.CoreModClassTransformer@f1dd5b4 to Target : CLASS {Lnet/minecraft/world/effect/MobEffectInstance;} {} {V}
[10Mar2026 19:13:02.575] [main/DEBUG] [cpw.mods.modlauncher.TransformStore/MODLAUNCHER]: Adding transformer net.minecraftforge.coremod.transformer.CoreModClassTransformer@73809e7 to Target : CLASS {Lnet/minecraft/world/level/block/LiquidBlock;} {} {V}
[10Mar2026 19:13:02.575] [main/DEBUG] [cpw.mods.modlauncher.TransformStore/MODLAUNCHER]: Adding transformer net.minecraftforge.coremod.transformer.CoreModClassTransformer@5f96f6a2 to Target : CLASS {Lnet/minecraft/world/item/BucketItem;} {} {V}
[10Mar2026 19:13:02.575] [main/DEBUG] [cpw.mods.modlauncher.TransformStore/MODLAUNCHER]: Adding transformer net.minecraftforge.coremod.transformer.CoreModClassTransformer@48df4071 to Target : CLASS {Lnet/minecraft/world/level/block/StairBlock;} {} {V}
[10Mar2026 19:13:02.575] [main/DEBUG] [cpw.mods.modlauncher.TransformStore/MODLAUNCHER]: Adding transformer net.minecraftforge.coremod.transformer.CoreModClassTransformer@290e8cab to Target : CLASS {Lnet/minecraft/world/level/block/FlowerPotBlock;} {} {V}
[10Mar2026 19:13:02.575] [main/DEBUG] [cpw.mods.modlauncher.TransformStore/MODLAUNCHER]: Adding transformer net.minecraftforge.coremod.transformer.CoreModClassTransformer@6e3ecf5c to Target : CLASS {Lnet/minecraft/world/item/ItemStack;} {} {V}
[10Mar2026 19:13:02.575] [main/DEBUG] [cpw.mods.modlauncher.TransformStore/MODLAUNCHER]: Adding transformer net.minecraftforge.coremod.transformer.CoreModClassTransformer@67507df to Target : CLASS {Lnet/minecraft/network/play/client/CClientSettingsPacket;} {} {V}
[10Mar2026 19:13:02.575] [main/DEBUG] [cpw.mods.modlauncher.TransformStore/MODLAUNCHER]: Adding transformer net.minecraftforge.coremod.transformer.CoreModClassTransformer@341b13a8 to Target : CLASS {Lnet/minecraft/world/level/levelgen/PhantomSpawner;} {} {V}
[10Mar2026 19:13:02.575] [main/DEBUG] [cpw.mods.modlauncher.TransformStore/MODLAUNCHER]: Adding transformer net.minecraftforge.coremod.transformer.CoreModClassTransformer@341b13a8 to Target : CLASS {Lnet/minecraft/world/level/levelgen/structure/structures/WoodlandMansionPieces$WoodlandMansionPiece;} {} {V}
[10Mar2026 19:13:02.575] [main/DEBUG] [cpw.mods.modlauncher.TransformStore/MODLAUNCHER]: Adding transformer net.minecraftforge.coremod.transformer.CoreModClassTransformer@341b13a8 to Target : CLASS {Lnet/minecraft/world/entity/monster/Strider;} {} {V}
[10Mar2026 19:13:02.575] [main/DEBUG] [cpw.mods.modlauncher.TransformStore/MODLAUNCHER]: Adding transformer net.minecraftforge.coremod.transformer.CoreModClassTransformer@341b13a8 to Target : CLASS {Lnet/minecraft/world/level/NaturalSpawner;} {} {V}
[10Mar2026 19:13:02.576] [main/DEBUG] [cpw.mods.modlauncher.TransformStore/MODLAUNCHER]: Adding transformer net.minecraftforge.coremod.transformer.CoreModClassTransformer@341b13a8 to Target : CLASS {Lnet/minecraft/world/level/levelgen/structure/structures/OceanRuinPieces$OceanRuinPiece;} {} {V}
[10Mar2026 19:13:02.576] [main/DEBUG] [cpw.mods.modlauncher.TransformStore/MODLAUNCHER]: Adding transformer net.minecraftforge.coremod.transformer.CoreModClassTransformer@341b13a8 to Target : CLASS {Lnet/minecraft/server/commands/SummonCommand;} {} {V}
[10Mar2026 19:13:02.576] [main/DEBUG] [cpw.mods.modlauncher.TransformStore/MODLAUNCHER]: Adding transformer net.minecraftforge.coremod.transformer.CoreModClassTransformer@341b13a8 to Target : CLASS {Lnet/minecraft/world/entity/npc/CatSpawner;} {} {V}
[10Mar2026 19:13:02.576] [main/DEBUG] [cpw.mods.modlauncher.TransformStore/MODLAUNCHER]: Adding transformer net.minecraftforge.coremod.transformer.CoreModClassTransformer@341b13a8 to Target : CLASS {Lnet/minecraft/world/level/levelgen/PatrolSpawner;} {} {V}
[10Mar2026 19:13:02.576] [main/DEBUG] [cpw.mods.modlauncher.TransformStore/MODLAUNCHER]: Adding transformer net.minecraftforge.coremod.transformer.CoreModClassTransformer@341b13a8 to Target : CLASS {Lnet/minecraft/world/entity/monster/Zombie;} {} {V}
[10Mar2026 19:13:02.576] [main/DEBUG] [cpw.mods.modlauncher.TransformStore/MODLAUNCHER]: Adding transformer net.minecraftforge.coremod.transformer.CoreModClassTransformer@341b13a8 to Target : CLASS {Lnet/minecraft/world/entity/monster/Evoker$EvokerSummonSpellGoal;} {} {V}
[10Mar2026 19:13:02.576] [main/DEBUG] [cpw.mods.modlauncher.TransformStore/MODLAUNCHER]: Adding transformer net.minecraftforge.coremod.transformer.CoreModClassTransformer@341b13a8 to Target : CLASS {Lnet/minecraft/world/entity/raid/Raid;} {} {V}
[10Mar2026 19:13:02.576] [main/DEBUG] [cpw.mods.modlauncher.TransformStore/MODLAUNCHER]: Adding transformer net.minecraftforge.coremod.transformer.CoreModClassTransformer@341b13a8 to Target : CLASS {Lnet/minecraft/world/entity/animal/frog/Tadpole;} {} {V}
[10Mar2026 19:13:02.576] [main/DEBUG] [cpw.mods.modlauncher.TransformStore/MODLAUNCHER]: Adding transformer net.minecraftforge.coremod.transformer.CoreModClassTransformer@341b13a8 to Target : CLASS {Lnet/minecraft/world/entity/EntityType;} {} {V}
[10Mar2026 19:13:02.576] [main/DEBUG] [cpw.mods.modlauncher.TransformStore/MODLAUNCHER]: Adding transformer net.minecraftforge.coremod.transformer.CoreModClassTransformer@341b13a8 to Target : CLASS {Lnet/minecraft/world/entity/animal/horse/SkeletonTrapGoal;} {} {V}
[10Mar2026 19:13:02.576] [main/DEBUG] [cpw.mods.modlauncher.TransformStore/MODLAUNCHER]: Adding transformer net.minecraftforge.coremod.transformer.CoreModClassTransformer@341b13a8 to Target : CLASS {Lnet/minecraft/world/entity/ai/village/VillageSiege;} {} {V}
[10Mar2026 19:13:02.576] [main/DEBUG] [cpw.mods.modlauncher.TransformStore/MODLAUNCHER]: Adding transformer net.minecraftforge.coremod.transformer.CoreModClassTransformer@341b13a8 to Target : CLASS {Lnet/minecraft/world/entity/monster/ZombieVillager;} {} {V}
[10Mar2026 19:13:02.576] [main/DEBUG] [cpw.mods.modlauncher.TransformStore/MODLAUNCHER]: Adding transformer net.minecraftforge.coremod.transformer.CoreModClassTransformer@341b13a8 to Target : CLASS {Lnet/minecraft/world/entity/npc/Villager;} {} {V}
[10Mar2026 19:13:02.576] [main/DEBUG] [cpw.mods.modlauncher.TransformStore/MODLAUNCHER]: Adding transformer net.minecraftforge.coremod.transformer.CoreModClassTransformer@341b13a8 to Target : CLASS {Lnet/minecraft/server/commands/RaidCommand;} {} {V}
[10Mar2026 19:13:02.576] [main/DEBUG] [cpw.mods.modlauncher.TransformStore/MODLAUNCHER]: Adding transformer net.minecraftforge.coremod.transformer.CoreModClassTransformer@341b13a8 to Target : CLASS {Lnet/minecraft/world/level/levelgen/structure/templatesystem/StructureTemplate;} {} {V}
[10Mar2026 19:13:02.576] [main/DEBUG] [cpw.mods.modlauncher.TransformStore/MODLAUNCHER]: Adding transformer net.minecraftforge.coremod.transformer.CoreModClassTransformer@341b13a8 to Target : CLASS {Lnet/minecraft/world/entity/monster/Spider;} {} {V}
[10Mar2026 19:13:02.576] [main/DEBUG] [cpw.mods.modlauncher.TransformStore/MODLAUNCHER]: Adding transformer net.minecraftforge.coremod.transformer.CoreModClassTransformer@341b13a8 to Target : CLASS {Lnet/minecraft/world/level/levelgen/structure/structures/OceanMonumentPieces$OceanMonumentPiece;} {} {V}
[10Mar2026 19:13:02.577] [main/DEBUG] [cpw.mods.modlauncher.TransformStore/MODLAUNCHER]: Adding transformer net.minecraftforge.coremod.transformer.CoreModClassTransformer@341b13a8 to Target : CLASS {Lnet/minecraft/world/level/levelgen/structure/structures/SwampHutPiece;} {} {V}
[10Mar2026 19:13:02.577] [main/DEBUG] [cpw.mods.modlauncher.TransformationServiceDecorator/MODLAUNCHER]: Initialized transformers for transformation service fml
[10Mar2026 19:13:02.868] [main/DEBUG] [mixin/]: Processing prepare() for PlatformAgent[MixinPlatformAgentDefault:ModLauncher Root Container(ModLauncher:4f56a0a2)]
[10Mar2026 19:13:02.869] [main/DEBUG] [mixin/]: Processing launch tasks for PlatformAgent[MixinPlatformAgentDefault:ModLauncher Root Container(ModLauncher:4f56a0a2)]
[10Mar2026 19:13:02.869] [main/DEBUG] [mixin/]: Adding mixin platform agents for container SecureJarResource(minecraft)
[10Mar2026 19:13:02.869] [main/DEBUG] [mixin/]: Instancing new MixinPlatformAgentMinecraftForge for SecureJarResource(minecraft)
[10Mar2026 19:13:02.869] [main/DEBUG] [mixin/]: MixinPlatformAgentMinecraftForge rejected container SecureJarResource(minecraft)
[10Mar2026 19:13:02.869] [main/DEBUG] [mixin/]: Instancing new MixinPlatformAgentDefault for SecureJarResource(minecraft)
[10Mar2026 19:13:02.869] [main/DEBUG] [mixin/]: MixinPlatformAgentDefault accepted container SecureJarResource(minecraft)
[10Mar2026 19:13:02.869] [main/DEBUG] [mixin/]: Processing prepare() for PlatformAgent[MixinPlatformAgentDefault:SecureJarResource(minecraft)]
[10Mar2026 19:13:02.869] [main/DEBUG] [mixin/]: Adding mixin platform agents for container SecureJarResource(forge)
[10Mar2026 19:13:02.869] [main/DEBUG] [mixin/]: Instancing new MixinPlatformAgentMinecraftForge for SecureJarResource(forge)
[10Mar2026 19:13:02.869] [main/DEBUG] [mixin/]: MixinPlatformAgentMinecraftForge rejected container SecureJarResource(forge)
[10Mar2026 19:13:02.869] [main/DEBUG] [mixin/]: Instancing new MixinPlatformAgentDefault for SecureJarResource(forge)
[10Mar2026 19:13:02.869] [main/DEBUG] [mixin/]: MixinPlatformAgentDefault accepted container SecureJarResource(forge)
[10Mar2026 19:13:02.869] [main/DEBUG] [mixin/]: Processing prepare() for PlatformAgent[MixinPlatformAgentDefault:SecureJarResource(forge)]
[10Mar2026 19:13:02.869] [main/DEBUG] [mixin/]: Adding mixin platform agents for container SecureJarResource(geckolib)
[10Mar2026 19:13:02.869] [main/DEBUG] [mixin/]: Instancing new MixinPlatformAgentMinecraftForge for SecureJarResource(geckolib)
[10Mar2026 19:13:02.869] [main/DEBUG] [mixin/]: MixinPlatformAgentMinecraftForge rejected container SecureJarResource(geckolib)
[10Mar2026 19:13:02.869] [main/DEBUG] [mixin/]: Instancing new MixinPlatformAgentDefault for SecureJarResource(geckolib)
[10Mar2026 19:13:02.869] [main/DEBUG] [mixin/]: MixinPlatformAgentDefault accepted container SecureJarResource(geckolib)
[10Mar2026 19:13:02.869] [main/DEBUG] [mixin/]: Processing prepare() for PlatformAgent[MixinPlatformAgentDefault:SecureJarResource(geckolib)]
[10Mar2026 19:13:02.870] [main/DEBUG] [mixin/]: Registering mixin config: geckolib.mixins.json
[10Mar2026 19:13:02.898] [main/DEBUG] [mixin/]: Compatibility level JAVA_17 specified by geckolib.mixins.json is higher than the maximum level supported by this version of mixin (JAVA_13).
[10Mar2026 19:13:02.904] [main/INFO] [mixin/]: Compatibility level set to JAVA_17
[10Mar2026 19:13:02.904] [main/DEBUG] [mixin/]: Adding mixin platform agents for container SecureJarResource(jei)
[10Mar2026 19:13:02.904] [main/DEBUG] [mixin/]: Instancing new MixinPlatformAgentMinecraftForge for SecureJarResource(jei)
[10Mar2026 19:13:02.904] [main/DEBUG] [mixin/]: MixinPlatformAgentMinecraftForge rejected container SecureJarResource(jei)
[10Mar2026 19:13:02.904] [main/DEBUG] [mixin/]: Instancing new MixinPlatformAgentDefault for SecureJarResource(jei)
[10Mar2026 19:13:02.904] [main/DEBUG] [mixin/]: MixinPlatformAgentDefault accepted container SecureJarResource(jei)
[10Mar2026 19:13:02.904] [main/DEBUG] [mixin/]: Processing prepare() for PlatformAgent[MixinPlatformAgentDefault:SecureJarResource(jei)]
[10Mar2026 19:13:02.904] [main/DEBUG] [mixin/]: Adding mixin platform agents for container SecureJarResource(artificers_armory)
[10Mar2026 19:13:02.904] [main/DEBUG] [mixin/]: Instancing new MixinPlatformAgentMinecraftForge for SecureJarResource(artificers_armory)
[10Mar2026 19:13:02.904] [main/DEBUG] [mixin/]: MixinPlatformAgentMinecraftForge rejected container SecureJarResource(artificers_armory)
[10Mar2026 19:13:02.904] [main/DEBUG] [mixin/]: Instancing new MixinPlatformAgentDefault for SecureJarResource(artificers_armory)
[10Mar2026 19:13:02.905] [main/DEBUG] [mixin/]: MixinPlatformAgentDefault accepted container SecureJarResource(artificers_armory)
[10Mar2026 19:13:02.905] [main/DEBUG] [mixin/]: Processing prepare() for PlatformAgent[MixinPlatformAgentDefault:SecureJarResource(artificers_armory)]
[10Mar2026 19:13:02.905] [main/DEBUG] [mixin/]: Adding mixin platform agents for container SecureJarResource(mclib)
[10Mar2026 19:13:02.905] [main/DEBUG] [mixin/]: Instancing new MixinPlatformAgentMinecraftForge for SecureJarResource(mclib)
[10Mar2026 19:13:02.905] [main/DEBUG] [mixin/]: MixinPlatformAgentMinecraftForge rejected container SecureJarResource(mclib)
[10Mar2026 19:13:02.905] [main/DEBUG] [mixin/]: Instancing new MixinPlatformAgentDefault for SecureJarResource(mclib)
[10Mar2026 19:13:02.905] [main/DEBUG] [mixin/]: MixinPlatformAgentDefault accepted container SecureJarResource(mclib)
[10Mar2026 19:13:02.905] [main/DEBUG] [mixin/]: Processing prepare() for PlatformAgent[MixinPlatformAgentDefault:SecureJarResource(mclib)]
[10Mar2026 19:13:02.905] [main/DEBUG] [mixin/]: inject() running with 7 agents
[10Mar2026 19:13:02.905] [main/DEBUG] [mixin/]: Processing inject() for PlatformAgent[MixinPlatformAgentDefault:ModLauncher Root Container(ModLauncher:4f56a0a2)]
[10Mar2026 19:13:02.905] [main/DEBUG] [mixin/]: Processing inject() for PlatformAgent[MixinPlatformAgentDefault:SecureJarResource(minecraft)]
[10Mar2026 19:13:02.905] [main/DEBUG] [mixin/]: Processing inject() for PlatformAgent[MixinPlatformAgentDefault:SecureJarResource(forge)]
[10Mar2026 19:13:02.905] [main/DEBUG] [mixin/]: Processing inject() for PlatformAgent[MixinPlatformAgentDefault:SecureJarResource(geckolib)]
[10Mar2026 19:13:02.905] [main/DEBUG] [mixin/]: Processing inject() for PlatformAgent[MixinPlatformAgentDefault:SecureJarResource(jei)]
[10Mar2026 19:13:02.905] [main/DEBUG] [mixin/]: Processing inject() for PlatformAgent[MixinPlatformAgentDefault:SecureJarResource(artificers_armory)]
[10Mar2026 19:13:02.905] [main/DEBUG] [mixin/]: Processing inject() for PlatformAgent[MixinPlatformAgentDefault:SecureJarResource(mclib)]
[10Mar2026 19:13:02.905] [main/INFO] [cpw.mods.modlauncher.LaunchServiceHandler/MODLAUNCHER]: Launching target 'forgedatauserdev' with arguments [--gameDir, ., --assetsDir, C:\Users\conno\.gradle\caches\forge_gradle\assets, --assetIndex, 5, --mod, artificers_armory, --all, --output, C:\Users\conno\OneDrive\Documents\Modding Projects\Artificer's Armory\Project Folders\Artificer's Armory - Forge-NeoForge 1.20.1\src\generated\resources, --existing, C:\Users\conno\OneDrive\Documents\Modding Projects\Artificer's Armory\Project Folders\Artificer's Armory - Forge-NeoForge 1.20.1\src\main\resources]
[10Mar2026 19:13:03.024] [main/DEBUG] [mixin/]: Error cleaning class output directory: .mixin.out
[10Mar2026 19:13:03.026] [main/DEBUG] [mixin/]: Preparing mixins for MixinEnvironment[DEFAULT]
[10Mar2026 19:13:03.027] [main/DEBUG] [mixin/]: Selecting config geckolib.mixins.json
[10Mar2026 19:13:03.182] [main/INFO] [mixin/]: Remapping refMap geckolib.refmap.json using C:\Users\conno\OneDrive\Documents\Modding Projects\Artificer's Armory\Project Folders\Artificer's Armory - Forge-NeoForge 1.20.1\build\createSrgToMcp\output.srg
[10Mar2026 19:13:03.183] [main/DEBUG] [mixin/]: Preparing geckolib.mixins.json (1)
[10Mar2026 19:13:03.281] [main/DEBUG] [mixin/]: Registering new injector for @Inject with org.spongepowered.asm.mixin.injection.struct.CallbackInjectionInfo
[10Mar2026 19:13:03.284] [main/DEBUG] [mixin/]: Registering new injector for @ModifyArg with org.spongepowered.asm.mixin.injection.struct.ModifyArgInjectionInfo
[10Mar2026 19:13:03.285] [main/DEBUG] [mixin/]: Registering new injector for @ModifyArgs with org.spongepowered.asm.mixin.injection.struct.ModifyArgsInjectionInfo
[10Mar2026 19:13:03.287] [main/DEBUG] [mixin/]: Registering new injector for @Redirect with org.spongepowered.asm.mixin.injection.struct.RedirectInjectionInfo
[10Mar2026 19:13:03.288] [main/DEBUG] [mixin/]: Registering new injector for @ModifyVariable with org.spongepowered.asm.mixin.injection.struct.ModifyVariableInjectionInfo
[10Mar2026 19:13:03.290] [main/DEBUG] [mixin/]: Registering new injector for @ModifyConstant with org.spongepowered.asm.mixin.injection.struct.ModifyConstantInjectionInfo
[10Mar2026 19:13:03.294] [main/DEBUG] [mixin/]: Prepared 1 mixins in 0.266 sec (266.0ms avg) (0ms load, 0ms transform, 0ms plugin)
[10Mar2026 19:13:03.394] [main/DEBUG] [io.netty.util.internal.logging.InternalLoggerFactory/]: Using SLF4J as the default logging framework
[10Mar2026 19:13:03.404] [main/DEBUG] [io.netty.util.ResourceLeakDetector/]: -Dio.netty.leakDetection.level: simple
[10Mar2026 19:13:03.404] [main/DEBUG] [io.netty.util.ResourceLeakDetector/]: -Dio.netty.leakDetection.targetRecords: 4
[10Mar2026 19:13:03.635] [main/INFO] [net.minecraftforge.data.loading.DatagenModLoader/]: Initializing Data Gatherer for mods [artificers_armory]
[10Mar2026 19:13:03.935] [main/DEBUG] [net.minecraftforge.coremod.transformer.CoreModBaseTransformer/COREMOD]: Transforming net/minecraft/world/entity/EntityType
[10Mar2026 19:13:04.401] [main/DEBUG] [net.minecraftforge.coremod.transformer.CoreModBaseTransformer/COREMOD]: Transforming net/minecraft/world/level/block/LiquidBlock
[10Mar2026 19:13:04.427] [main/DEBUG] [net.minecraftforge.coremod.transformer.CoreModBaseTransformer/COREMOD]: Transforming net/minecraft/world/level/block/StairBlock
[10Mar2026 19:13:04.511] [main/DEBUG] [net.minecraftforge.coremod.transformer.CoreModBaseTransformer/COREMOD]: Transforming net/minecraft/world/level/block/FlowerPotBlock
[10Mar2026 19:13:05.172] [main/DEBUG] [net.minecraftforge.coremod.transformer.CoreModBaseTransformer/COREMOD]: Transforming net/minecraft/world/item/ItemStack
[10Mar2026 19:13:05.559] [main/DEBUG] [net.minecraftforge.coremod.transformer.CoreModBaseTransformer/COREMOD]: Transforming net/minecraft/world/entity/animal/frog/Tadpole
[10Mar2026 19:13:05.609] [main/DEBUG] [net.minecraftforge.coremod.transformer.CoreModBaseTransformer/COREMOD]: Transforming net/minecraft/world/item/BucketItem
[10Mar2026 19:13:06.246] [main/DEBUG] [net.minecraftforge.coremod.transformer.CoreModBaseTransformer/COREMOD]: Transforming net/minecraft/world/entity/monster/Spider
[10Mar2026 19:13:06.282] [main/DEBUG] [net.minecraftforge.coremod.transformer.CoreModBaseTransformer/COREMOD]: Transforming net/minecraft/world/entity/monster/Zombie
[10Mar2026 19:13:06.303] [main/DEBUG] [net.minecraftforge.coremod.transformer.CoreModBaseTransformer/COREMOD]: Transforming net/minecraft/world/entity/monster/ZombieVillager
[10Mar2026 19:13:06.361] [main/DEBUG] [net.minecraftforge.coremod.transformer.CoreModBaseTransformer/COREMOD]: Transforming net/minecraft/world/entity/monster/Evoker$EvokerSummonSpellGoal
[10Mar2026 19:13:06.535] [main/DEBUG] [net.minecraftforge.coremod.transformer.CoreModBaseTransformer/COREMOD]: Transforming net/minecraft/world/entity/animal/horse/SkeletonTrapGoal
[10Mar2026 19:13:06.557] [main/DEBUG] [net.minecraftforge.coremod.transformer.CoreModBaseTransformer/COREMOD]: Transforming net/minecraft/world/entity/monster/Strider
[10Mar2026 19:13:06.746] [main/DEBUG] [net.minecraftforge.coremod.transformer.CoreModBaseTransformer/COREMOD]: Transforming net/minecraft/world/entity/npc/Villager
[10Mar2026 19:13:06.882] [main/DEBUG] [net.minecraftforge.coremod.transformer.CoreModBaseTransformer/COREMOD]: Transforming net/minecraft/world/effect/MobEffectInstance
[10Mar2026 19:13:07.253] [main/DEBUG] [net.minecraftforge.coremod.transformer.CoreModBaseTransformer/COREMOD]: Transforming net/minecraft/world/level/levelgen/structure/Structure
[10Mar2026 19:13:07.302] [main/DEBUG] [net.minecraftforge.coremod.transformer.CoreModBaseTransformer/COREMOD]: Transforming net/minecraft/world/level/levelgen/structure/structures/OceanRuinPieces$OceanRuinPiece
[10Mar2026 19:13:07.310] [main/DEBUG] [net.minecraftforge.coremod.transformer.CoreModBaseTransformer/COREMOD]: Transforming net/minecraft/world/level/levelgen/structure/structures/SwampHutPiece
[10Mar2026 19:13:07.316] [main/DEBUG] [net.minecraftforge.coremod.transformer.CoreModBaseTransformer/COREMOD]: Transforming net/minecraft/world/level/levelgen/structure/structures/OceanMonumentPieces$OceanMonumentPiece
[10Mar2026 19:13:07.325] [main/DEBUG] [net.minecraftforge.coremod.transformer.CoreModBaseTransformer/COREMOD]: Transforming net/minecraft/world/level/levelgen/structure/structures/WoodlandMansionPieces$WoodlandMansionPiece
[10Mar2026 19:13:07.376] [main/DEBUG] [net.minecraftforge.coremod.transformer.CoreModBaseTransformer/COREMOD]: Transforming net/minecraft/world/level/biome/Biome
[10Mar2026 19:13:07.491] [main/DEBUG] [net.minecraftforge.registries.GameData/REGISTRIES]: Creating vanilla freeze snapshot
[10Mar2026 19:13:07.496] [main/DEBUG] [net.minecraftforge.registries.ForgeRegistry/REGISTRIES]: Registry minecraft:block Sync: VANILLA -> ACTIVE
[10Mar2026 19:13:07.502] [main/DEBUG] [net.minecraftforge.registries.ForgeRegistry/REGISTRIES]: Registry minecraft:fluid Sync: VANILLA -> ACTIVE
[10Mar2026 19:13:07.502] [main/DEBUG] [net.minecraftforge.registries.ForgeRegistry/REGISTRIES]: Registry minecraft:item Sync: VANILLA -> ACTIVE
[10Mar2026 19:13:07.507] [main/DEBUG] [net.minecraftforge.registries.ForgeRegistry/REGISTRIES]: Registry minecraft:mob_effect Sync: VANILLA -> ACTIVE
[10Mar2026 19:13:07.507] [main/DEBUG] [net.minecraftforge.registries.ForgeRegistry/REGISTRIES]: Registry minecraft:sound_event Sync: VANILLA -> ACTIVE
[10Mar2026 19:13:07.511] [main/DEBUG] [net.minecraftforge.registries.ForgeRegistry/REGISTRIES]: Registry minecraft:potion Sync: VANILLA -> ACTIVE
[10Mar2026 19:13:07.511] [main/DEBUG] [net.minecraftforge.registries.ForgeRegistry/REGISTRIES]: Registry minecraft:enchantment Sync: VANILLA -> ACTIVE
[10Mar2026 19:13:07.511] [main/DEBUG] [net.minecraftforge.registries.ForgeRegistry/REGISTRIES]: Registry minecraft:entity_type Sync: VANILLA -> ACTIVE
[10Mar2026 19:13:07.512] [main/DEBUG] [net.minecraftforge.registries.ForgeRegistry/REGISTRIES]: Registry minecraft:block_entity_type Sync: VANILLA -> ACTIVE
[10Mar2026 19:13:07.512] [main/DEBUG] [net.minecraftforge.registries.ForgeRegistry/REGISTRIES]: Registry minecraft:particle_type Sync: VANILLA -> ACTIVE
[10Mar2026 19:13:07.512] [main/DEBUG] [net.minecraftforge.registries.ForgeRegistry/REGISTRIES]: Registry minecraft:menu Sync: VANILLA -> ACTIVE
[10Mar2026 19:13:07.512] [main/DEBUG] [net.minecraftforge.registries.ForgeRegistry/REGISTRIES]: Registry minecraft:painting_variant Sync: VANILLA -> ACTIVE
[10Mar2026 19:13:07.512] [main/DEBUG] [net.minecraftforge.registries.ForgeRegistry/REGISTRIES]: Registry minecraft:recipe_type Sync: VANILLA -> ACTIVE
[10Mar2026 19:13:07.513] [main/DEBUG] [net.minecraftforge.registries.ForgeRegistry/REGISTRIES]: Registry minecraft:recipe_serializer Sync: VANILLA -> ACTIVE
[10Mar2026 19:13:07.513] [main/DEBUG] [net.minecraftforge.registries.ForgeRegistry/REGISTRIES]: Registry minecraft:attribute Sync: VANILLA -> ACTIVE
[10Mar2026 19:13:07.513] [main/DEBUG] [net.minecraftforge.registries.ForgeRegistry/REGISTRIES]: Registry minecraft:stat_type Sync: VANILLA -> ACTIVE
[10Mar2026 19:13:07.513] [main/DEBUG] [net.minecraftforge.registries.ForgeRegistry/REGISTRIES]: Registry minecraft:command_argument_type Sync: VANILLA -> ACTIVE
[10Mar2026 19:13:07.513] [main/DEBUG] [net.minecraftforge.registries.ForgeRegistry/REGISTRIES]: Registry minecraft:villager_profession Sync: VANILLA -> ACTIVE
[10Mar2026 19:13:07.513] [main/DEBUG] [net.minecraftforge.registries.ForgeRegistry/REGISTRIES]: Registry minecraft:point_of_interest_type Sync: VANILLA -> ACTIVE
[10Mar2026 19:13:07.514] [main/DEBUG] [net.minecraftforge.registries.ForgeRegistry/REGISTRIES]: Registry minecraft:memory_module_type Sync: VANILLA -> ACTIVE
[10Mar2026 19:13:07.514] [main/DEBUG] [net.minecraftforge.registries.ForgeRegistry/REGISTRIES]: Registry minecraft:sensor_type Sync: VANILLA -> ACTIVE
[10Mar2026 19:13:07.514] [main/DEBUG] [net.minecraftforge.registries.ForgeRegistry/REGISTRIES]: Registry minecraft:schedule Sync: VANILLA -> ACTIVE
[10Mar2026 19:13:07.514] [main/DEBUG] [net.minecraftforge.registries.ForgeRegistry/REGISTRIES]: Registry minecraft:activity Sync: VANILLA -> ACTIVE
[10Mar2026 19:13:07.514] [main/DEBUG] [net.minecraftforge.registries.ForgeRegistry/REGISTRIES]: Registry minecraft:worldgen/carver Sync: VANILLA -> ACTIVE
[10Mar2026 19:13:07.515] [main/DEBUG] [net.minecraftforge.registries.ForgeRegistry/REGISTRIES]: Registry minecraft:worldgen/feature Sync: VANILLA -> ACTIVE
[10Mar2026 19:13:07.515] [main/DEBUG] [net.minecraftforge.registries.ForgeRegistry/REGISTRIES]: Registry minecraft:chunk_status Sync: VANILLA -> ACTIVE
[10Mar2026 19:13:07.515] [main/DEBUG] [net.minecraftforge.registries.ForgeRegistry/REGISTRIES]: Registry minecraft:worldgen/block_state_provider_type Sync: VANILLA -> ACTIVE
[10Mar2026 19:13:07.515] [main/DEBUG] [net.minecraftforge.registries.ForgeRegistry/REGISTRIES]: Registry minecraft:worldgen/foliage_placer_type Sync: VANILLA -> ACTIVE
[10Mar2026 19:13:07.515] [main/DEBUG] [net.minecraftforge.registries.ForgeRegistry/REGISTRIES]: Registry minecraft:worldgen/tree_decorator_type Sync: VANILLA -> ACTIVE
[10Mar2026 19:13:07.515] [main/DEBUG] [net.minecraftforge.registries.ForgeRegistry/REGISTRIES]: Registry minecraft:worldgen/biome Sync: VANILLA -> ACTIVE
[10Mar2026 19:13:07.518] [main/DEBUG] [net.minecraftforge.registries.GameData/REGISTRIES]: Vanilla freeze snapshot created
[10Mar2026 19:13:07.566] [main/DEBUG] [net.minecraftforge.fml.ModWorkManager/LOADING]: Using 16 threads for parallel mod-loading
[10Mar2026 19:13:07.579] [main/DEBUG] [net.minecraftforge.fml.javafmlmod.FMLJavaModLanguageProvider/LOADING]: Loading FMLModContainer from classloader cpw.mods.modlauncher.TransformingClassLoader@77c10a5f - got cpw.mods.cl.ModuleClassLoader@7a18e8d
[10Mar2026 19:13:07.580] [main/DEBUG] [net.minecraftforge.fml.javafmlmod.FMLModContainer/LOADING]: Creating FMLModContainer instance for net.minecraftforge.common.ForgeMod
[10Mar2026 19:13:07.592] [main/DEBUG] [net.minecraftforge.fml.javafmlmod.FMLJavaModLanguageProvider/LOADING]: Loading FMLModContainer from classloader cpw.mods.modlauncher.TransformingClassLoader@77c10a5f - got cpw.mods.cl.ModuleClassLoader@7a18e8d
[10Mar2026 19:13:07.592] [main/DEBUG] [net.minecraftforge.fml.javafmlmod.FMLModContainer/LOADING]: Creating FMLModContainer instance for software.bernie.example.GeckoLibMod
[10Mar2026 19:13:07.592] [main/DEBUG] [net.minecraftforge.fml.javafmlmod.FMLJavaModLanguageProvider/LOADING]: Loading FMLModContainer from classloader cpw.mods.modlauncher.TransformingClassLoader@77c10a5f - got cpw.mods.cl.ModuleClassLoader@7a18e8d
[10Mar2026 19:13:07.592] [main/DEBUG] [net.minecraftforge.fml.javafmlmod.FMLModContainer/LOADING]: Creating FMLModContainer instance for mezz.jei.forge.JustEnoughItems
[10Mar2026 19:13:07.593] [main/DEBUG] [net.minecraftforge.fml.javafmlmod.FMLJavaModLanguageProvider/LOADING]: Loading FMLModContainer from classloader cpw.mods.modlauncher.TransformingClassLoader@77c10a5f - got cpw.mods.cl.ModuleClassLoader@7a18e8d
[10Mar2026 19:13:07.593] [main/DEBUG] [net.minecraftforge.fml.javafmlmod.FMLModContainer/LOADING]: Creating FMLModContainer instance for net.trashelemental.artificers_armory.ArtificersArmory
[10Mar2026 19:13:07.656] [modloading-worker-0/DEBUG] [net.minecraftforge.versions.forge.ForgeVersion/CORE]: Forge Version package package net.minecraftforge.versions.forge, Forge, version 47.3 from cpw.mods.modlauncher.TransformingClassLoader@77c10a5f
[10Mar2026 19:13:07.656] [modloading-worker-0/DEBUG] [net.minecraftforge.versions.forge.ForgeVersion/CORE]: Found Forge version 47.3.1
[10Mar2026 19:13:07.656] [modloading-worker-0/DEBUG] [net.minecraftforge.versions.forge.ForgeVersion/CORE]: Found Forge spec 47.3
[10Mar2026 19:13:07.656] [modloading-worker-0/DEBUG] [net.minecraftforge.versions.forge.ForgeVersion/CORE]: Found Forge group net.minecraftforge
[10Mar2026 19:13:07.657] [modloading-worker-0/DEBUG] [net.minecraftforge.versions.mcp.MCPVersion/CORE]: MCP Version package package net.minecraftforge.versions.mcp, Minecraft, version 1.20.1 from cpw.mods.modlauncher.TransformingClassLoader@77c10a5f
[10Mar2026 19:13:07.657] [modloading-worker-0/DEBUG] [net.minecraftforge.versions.mcp.MCPVersion/CORE]: Found MC version information 1.20.1
[10Mar2026 19:13:07.657] [modloading-worker-0/DEBUG] [net.minecraftforge.versions.mcp.MCPVersion/CORE]: Found MCP version information 20230612.114412
[10Mar2026 19:13:07.657] [modloading-worker-0/INFO] [net.minecraftforge.common.ForgeMod/FORGEMOD]: Forge mod loading, version 47.3.1, for MC 1.20.1 with MCP 20230612.114412
[10Mar2026 19:13:07.658] [modloading-worker-0/INFO] [net.minecraftforge.common.MinecraftForge/FORGE]: MinecraftForge v47.3.1 Initialized
[10Mar2026 19:13:07.676] [modloading-worker-0/DEBUG] [net.minecraftforge.fml.config.ConfigTracker/CONFIG]: Config file jei-server.toml for jei tracking
[10Mar2026 19:13:07.743] [modloading-worker-0/WARN] [software.bernie.geckolib.GeckoLib/]: Minecraft.getInstance() was null, could not register reload listeners
[10Mar2026 19:13:07.779] [modloading-worker-0/DEBUG] [mezz.jei.common.platform.Services/]: Loaded mezz.jei.forge.platform.PlatformHelper@4b356d46 for service interface mezz.jei.common.platform.IPlatformHelper
[10Mar2026 19:13:07.783] [modloading-worker-0/DEBUG] [net.minecraftforge.fml.config.ConfigTracker/CONFIG]: Config file artificers_armory-common.toml for artificers_armory tracking
[10Mar2026 19:13:07.785] [modloading-worker-0/DEBUG] [net.minecraftforge.fml.javafmlmod.AutomaticEventSubscriber/LOADING]: Attempting to inject @EventBusSubscriber classes into the eventbus for artificers_armory
[10Mar2026 19:13:07.796] [modloading-worker-0/DEBUG] [net.minecraftforge.fml.javafmlmod.AutomaticEventSubscriber/LOADING]: Auto-subscribing net.trashelemental.artificers_armory.armor.ModArmorModels to MOD
[10Mar2026 19:13:07.803] [modloading-worker-0/DEBUG] [net.minecraftforge.fml.javafmlmod.AutomaticEventSubscriber/LOADING]: Auto-subscribing net.trashelemental.artificers_armory.ArtificersArmory$ClientModEvents to MOD
[10Mar2026 19:13:07.805] [modloading-worker-0/DEBUG] [net.minecraftforge.fml.javafmlmod.AutomaticEventSubscriber/LOADING]: Auto-subscribing net.trashelemental.artificers_armory.Config to MOD
[10Mar2026 19:13:07.814] [modloading-worker-0/DEBUG] [net.minecraftforge.fml.javafmlmod.AutomaticEventSubscriber/LOADING]: Auto-subscribing net.trashelemental.artificers_armory.datagen.DataGenerators to MOD
[10Mar2026 19:13:07.840] [modloading-worker-0/DEBUG] [net.minecraftforge.fml.javafmlmod.AutomaticEventSubscriber/LOADING]: Auto-subscribing net.trashelemental.artificers_armory.entity.ai.familiar.FamiliarAI to FORGE
[10Mar2026 19:13:07.843] [modloading-worker-0/DEBUG] [net.minecraftforge.fml.javafmlmod.AutomaticEventSubscriber/LOADING]: Auto-subscribing net.trashelemental.artificers_armory.entity.ai.familiar.FamiliarEventHandlers to FORGE
[10Mar2026 19:13:07.856] [modloading-worker-0/DEBUG] [net.minecraftforge.fml.javafmlmod.AutomaticEventSubscriber/LOADING]: Auto-subscribing net.trashelemental.artificers_armory.entity.ModEventBusEvents to MOD
[10Mar2026 19:13:07.863] [modloading-worker-0/DEBUG] [net.minecraftforge.fml.javafmlmod.AutomaticEventSubscriber/LOADING]: Auto-subscribing net.trashelemental.artificers_armory.junkyard_lib.entity.event.MinionDeathEvent to FORGE
[10Mar2026 19:13:07.865] [modloading-worker-0/DEBUG] [net.minecraftforge.fml.javafmlmod.AutomaticEventSubscriber/LOADING]: Auto-subscribing net.trashelemental.artificers_armory.magic.effects.event.SoulBurnEvents to FORGE
[10Mar2026 19:13:07.867] [modloading-worker-0/DEBUG] [net.minecraftforge.fml.javafmlmod.AutomaticEventSubscriber/LOADING]: Auto-subscribing net.trashelemental.artificers_armory.magic.enchantments.event.GrimHarvestEvents to FORGE
[10Mar2026 19:13:07.870] [modloading-worker-0/DEBUG] [net.minecraftforge.fml.javafmlmod.AutomaticEventSubscriber/LOADING]: Auto-subscribing net.trashelemental.artificers_armory.magic.enchantments.event.PhylacteryEvents to FORGE
[10Mar2026 19:13:07.874] [modloading-worker-0/DEBUG] [net.minecraftforge.fml.javafmlmod.AutomaticEventSubscriber/LOADING]: Auto-subscribing net.trashelemental.artificers_armory.particle.ModParticles to MOD
[10Mar2026 19:13:07.875] [modloading-worker-0/DEBUG] [io.netty.util.internal.PlatformDependent0/]: -Dio.netty.noUnsafe: false
[10Mar2026 19:13:07.875] [modloading-worker-0/DEBUG] [io.netty.util.internal.PlatformDependent0/]: Java version: 17
[10Mar2026 19:13:07.877] [modloading-worker-0/DEBUG] [io.netty.util.internal.PlatformDependent0/]: sun.misc.Unsafe.theUnsafe: available
[10Mar2026 19:13:07.878] [modloading-worker-0/DEBUG] [io.netty.util.internal.PlatformDependent0/]: sun.misc.Unsafe.copyMemory: available
[10Mar2026 19:13:07.879] [modloading-worker-0/DEBUG] [io.netty.util.internal.PlatformDependent0/]: sun.misc.Unsafe.storeFence: available
[10Mar2026 19:13:07.880] [modloading-worker-0/DEBUG] [io.netty.util.internal.PlatformDependent0/]: java.nio.Buffer.address: available
[10Mar2026 19:13:07.883] [modloading-worker-0/DEBUG] [net.minecraftforge.fml.javafmlmod.AutomaticEventSubscriber/LOADING]: Attempting to inject @EventBusSubscriber classes into the eventbus for geckolib
[10Mar2026 19:13:07.883] [modloading-worker-0/DEBUG] [net.minecraftforge.fml.javafmlmod.AutomaticEventSubscriber/LOADING]: Auto-subscribing net.trashelemental.artificers_armory.util.event.FirebrandLightEvents to FORGE
[10Mar2026 19:13:07.883] [modloading-worker-0/DEBUG] [net.minecraftforge.fml.javafmlmod.AutomaticEventSubscriber/LOADING]: Auto-subscribing software.bernie.example.GeckoLibMod to FORGE
[10Mar2026 19:13:07.883] [modloading-worker-0/DEBUG] [net.minecraftforge.fml.javafmlmod.AutomaticEventSubscriber/LOADING]: Auto-subscribing software.bernie.example.CommonListener to MOD
[10Mar2026 19:13:07.885] [modloading-worker-0/DEBUG] [net.minecraftforge.fml.javafmlmod.AutomaticEventSubscriber/LOADING]: Auto-subscribing software.bernie.example.ClientListener to MOD
[10Mar2026 19:13:07.887] [modloading-worker-0/DEBUG] [net.minecraftforge.fml.javafmlmod.AutomaticEventSubscriber/LOADING]: Auto-subscribing net.trashelemental.artificers_armory.util.spirit_candle.KillMinionsOnOwnerKilledEvent to FORGE
[10Mar2026 19:13:07.889] [modloading-worker-0/DEBUG] [net.minecraftforge.fml.javafmlmod.AutomaticEventSubscriber/LOADING]: Auto-subscribing net.trashelemental.artificers_armory.util.spirit_candle.MinionProjectileCleanup to FORGE
[10Mar2026 19:13:07.893] [modloading-worker-0/DEBUG] [net.minecraftforge.fml.javafmlmod.AutomaticEventSubscriber/LOADING]: Auto-subscribing net.trashelemental.artificers_armory.util.spirit_candle.NecromancyMinionTargetEvents to FORGE
[10Mar2026 19:13:07.881] [modloading-worker-0/DEBUG] [io.netty.util.internal.PlatformDependent0/]: direct buffer constructor: unavailable
java.lang.UnsupportedOperationException: Reflective setAccessible(true) disabled
	at io.netty.util.internal.ReflectionUtil.trySetAccessible(ReflectionUtil.java:31) ~[netty-common-4.1.82.Final.jar%23151!/:4.1.82.Final]
	at io.netty.util.internal.PlatformDependent0$5.run(PlatformDependent0.java:288) ~[netty-common-4.1.82.Final.jar%23151!/:4.1.82.Final]
	at java.security.AccessController.doPrivileged(AccessController.java:318) ~[?:?]
	at io.netty.util.internal.PlatformDependent0.<clinit>(PlatformDependent0.java:282) ~[netty-common-4.1.82.Final.jar%23151!/:4.1.82.Final]
	at io.netty.util.internal.PlatformDependent.isAndroid(PlatformDependent.java:333) ~[netty-common-4.1.82.Final.jar%23151!/:4.1.82.Final]
	at io.netty.util.internal.PlatformDependent.<clinit>(PlatformDependent.java:88) ~[netty-common-4.1.82.Final.jar%23151!/:4.1.82.Final]
	at io.netty.util.ConstantPool.<init>(ConstantPool.java:34) ~[netty-common-4.1.82.Final.jar%23151!/:4.1.82.Final]
	at io.netty.util.AttributeKey$1.<init>(AttributeKey.java:27) ~[netty-common-4.1.82.Final.jar%23151!/:4.1.82.Final]
	at io.netty.util.AttributeKey.<clinit>(AttributeKey.java:27) ~[netty-common-4.1.82.Final.jar%23151!/:4.1.82.Final]
	at net.minecraftforge.network.NetworkConstants.<clinit>(NetworkConstants.java:34) ~[forge-1.20.1-47.3.1_mapped_parchment_2023.09.03-1.20.1-recomp.jar%23190%23197!/:?]
	at net.minecraftforge.common.ForgeMod.<init>(ForgeMod.java:429) ~[forge-1.20.1-47.3.1_mapped_parchment_2023.09.03-1.20.1-recomp.jar%23190%23197!/:?]
	at jdk.internal.reflect.NativeConstructorAccessorImpl.newInstance0(Native Method) ~[?:?]
	at jdk.internal.reflect.NativeConstructorAccessorImpl.newInstance(NativeConstructorAccessorImpl.java:77) ~[?:?]
	at jdk.internal.reflect.DelegatingConstructorAccessorImpl.newInstance(DelegatingConstructorAccessorImpl.java:45) ~[?:?]
	at java.lang.reflect.Constructor.newInstanceWithCaller(Constructor.java:500) ~[?:?]
	at java.lang.reflect.Constructor.newInstance(Constructor.java:481) ~[?:?]
	at net.minecraftforge.fml.javafmlmod.FMLModContainer.constructMod(FMLModContainer.java:70) ~[javafmllanguage-1.20.1-47.3.1.jar%23192!/:?]
	at net.minecraftforge.fml.ModContainer.lambda$buildTransitionHandler$4(ModContainer.java:124) ~[fmlcore-1.20.1-47.3.1.jar%23195!/:?]
	at java.util.concurrent.CompletableFuture$AsyncRun.run(CompletableFuture.java:1804) ~[?:?]
	at java.util.concurrent.CompletableFuture$AsyncRun.exec(CompletableFuture.java:1796) ~[?:?]
	at java.util.concurrent.ForkJoinTask.doExec(ForkJoinTask.java:373) ~[?:?]
	at java.util.concurrent.ForkJoinPool$WorkQueue.topLevelExec(ForkJoinPool.java:1182) ~[?:?]
	at java.util.concurrent.ForkJoinPool.scan(ForkJoinPool.java:1655) ~[?:?]
	at java.util.concurrent.ForkJoinPool.runWorker(ForkJoinPool.java:1622) ~[?:?]
	at java.util.concurrent.ForkJoinWorkerThread.run(ForkJoinWorkerThread.java:165) ~[?:?]
[10Mar2026 19:13:07.909] [modloading-worker-0/DEBUG] [io.netty.util.internal.PlatformDependent0/]: java.nio.Bits.unaligned: available, true
[10Mar2026 19:13:07.910] [modloading-worker-0/DEBUG] [io.netty.util.internal.PlatformDependent0/]: jdk.internal.misc.Unsafe.allocateUninitializedArray(int): unavailable
java.lang.IllegalAccessException: class io.netty.util.internal.PlatformDependent0$7 (in module io.netty.common) cannot access class jdk.internal.misc.Unsafe (in module java.base) because module java.base does not export jdk.internal.misc to module io.netty.common
	at jdk.internal.reflect.Reflection.newIllegalAccessException(Reflection.java:392) ~[?:?]
	at java.lang.reflect.AccessibleObject.checkAccess(AccessibleObject.java:674) ~[?:?]
	at java.lang.reflect.Method.invoke(Method.java:561) ~[?:?]
	at io.netty.util.internal.PlatformDependent0$7.run(PlatformDependent0.java:410) ~[netty-common-4.1.82.Final.jar%23151!/:4.1.82.Final]
	at java.security.AccessController.doPrivileged(AccessController.java:318) ~[?:?]
	at io.netty.util.internal.PlatformDependent0.<clinit>(PlatformDependent0.java:401) ~[netty-common-4.1.82.Final.jar%23151!/:4.1.82.Final]
	at io.netty.util.internal.PlatformDependent.isAndroid(PlatformDependent.java:333) ~[netty-common-4.1.82.Final.jar%23151!/:4.1.82.Final]
	at io.netty.util.internal.PlatformDependent.<clinit>(PlatformDependent.java:88) ~[netty-common-4.1.82.Final.jar%23151!/:4.1.82.Final]
	at io.netty.util.ConstantPool.<init>(ConstantPool.java:34) ~[netty-common-4.1.82.Final.jar%23151!/:4.1.82.Final]
	at io.netty.util.AttributeKey$1.<init>(AttributeKey.java:27) ~[netty-common-4.1.82.Final.jar%23151!/:4.1.82.Final]
	at io.netty.util.AttributeKey.<clinit>(AttributeKey.java:27) ~[netty-common-4.1.82.Final.jar%23151!/:4.1.82.Final]
	at net.minecraftforge.network.NetworkConstants.<clinit>(NetworkConstants.java:34) ~[forge-1.20.1-47.3.1_mapped_parchment_2023.09.03-1.20.1-recomp.jar%23190%23197!/:?]
	at net.minecraftforge.common.ForgeMod.<init>(ForgeMod.java:429) ~[forge-1.20.1-47.3.1_mapped_parchment_2023.09.03-1.20.1-recomp.jar%23190%23197!/:?]
	at jdk.internal.reflect.NativeConstructorAccessorImpl.newInstance0(Native Method) ~[?:?]
	at jdk.internal.reflect.NativeConstructorAccessorImpl.newInstance(NativeConstructorAccessorImpl.java:77) ~[?:?]
	at jdk.internal.reflect.DelegatingConstructorAccessorImpl.newInstance(DelegatingConstructorAccessorImpl.java:45) ~[?:?]
	at java.lang.reflect.Constructor.newInstanceWithCaller(Constructor.java:500) ~[?:?]
	at java.lang.reflect.Constructor.newInstance(Constructor.java:481) ~[?:?]
	at net.minecraftforge.fml.javafmlmod.FMLModContainer.constructMod(FMLModContainer.java:70) ~[javafmllanguage-1.20.1-47.3.1.jar%23192!/:?]
	at net.minecraftforge.fml.ModContainer.lambda$buildTransitionHandler$4(ModContainer.java:124) ~[fmlcore-1.20.1-47.3.1.jar%23195!/:?]
	at java.util.concurrent.CompletableFuture$AsyncRun.run(CompletableFuture.java:1804) ~[?:?]
	at java.util.concurrent.CompletableFuture$AsyncRun.exec(CompletableFuture.java:1796) ~[?:?]
	at java.util.concurrent.ForkJoinTask.doExec(ForkJoinTask.java:373) ~[?:?]
	at java.util.concurrent.ForkJoinPool$WorkQueue.topLevelExec(ForkJoinPool.java:1182) ~[?:?]
	at java.util.concurrent.ForkJoinPool.scan(ForkJoinPool.java:1655) ~[?:?]
	at java.util.concurrent.ForkJoinPool.runWorker(ForkJoinPool.java:1622) ~[?:?]
	at java.util.concurrent.ForkJoinWorkerThread.run(ForkJoinWorkerThread.java:165) ~[?:?]
[10Mar2026 19:13:07.912] [modloading-worker-0/DEBUG] [io.netty.util.internal.PlatformDependent0/]: java.nio.DirectByteBuffer.<init>(long, int): unavailable
[10Mar2026 19:13:07.913] [modloading-worker-0/DEBUG] [io.netty.util.internal.PlatformDependent/]: sun.misc.Unsafe: available
[10Mar2026 19:13:07.914] [modloading-worker-0/DEBUG] [io.netty.util.internal.PlatformDependent/]: maxDirectMemory: 8338276352 bytes (maybe)
[10Mar2026 19:13:07.915] [modloading-worker-0/DEBUG] [io.netty.util.internal.PlatformDependent/]: -Dio.netty.tmpdir: C:\Users\conno\AppData\Local\Temp (java.io.tmpdir)
[10Mar2026 19:13:07.915] [modloading-worker-0/DEBUG] [io.netty.util.internal.PlatformDependent/]: -Dio.netty.bitMode: 64 (sun.arch.data.model)
[10Mar2026 19:13:07.915] [modloading-worker-0/DEBUG] [io.netty.util.internal.PlatformDependent/]: Platform: Windows
[10Mar2026 19:13:07.917] [modloading-worker-0/DEBUG] [io.netty.util.internal.PlatformDependent/]: -Dio.netty.maxDirectMemory: -1 bytes
[10Mar2026 19:13:07.917] [modloading-worker-0/DEBUG] [io.netty.util.internal.PlatformDependent/]: -Dio.netty.uninitializedArrayAllocationThreshold: -1
[10Mar2026 19:13:07.920] [modloading-worker-0/DEBUG] [io.netty.util.internal.CleanerJava9/]: java.nio.ByteBuffer.cleaner(): available
[10Mar2026 19:13:07.920] [modloading-worker-0/DEBUG] [io.netty.util.internal.PlatformDependent/]: -Dio.netty.noPreferDirect: false
[10Mar2026 19:13:07.926] [modloading-worker-0/DEBUG] [mezz.jei.common.config.file.ConfigSerializer/]: Loading config file: C:\Users\conno\OneDrive\Documents\Modding Projects\Artificer's Armory\Project Folders\Artificer's Armory - Forge-NeoForge 1.20.1\run-data\config\jei\jei-debug.ini
[10Mar2026 19:13:07.928] [modloading-worker-0/DEBUG] [mezz.jei.common.config.file.ConfigSerializer/]: Saving config file: C:\Users\conno\OneDrive\Documents\Modding Projects\Artificer's Armory\Project Folders\Artificer's Armory - Forge-NeoForge 1.20.1\run-data\config\jei\jei-debug.ini
[10Mar2026 19:13:07.939] [modloading-worker-0/DEBUG] [mezz.jei.common.config.file.ConfigSerializer/]: Loading config file: C:\Users\conno\OneDrive\Documents\Modding Projects\Artificer's Armory\Project Folders\Artificer's Armory - Forge-NeoForge 1.20.1\run-data\config\jei\jei-mod-id-format.ini
[10Mar2026 19:13:07.940] [modloading-worker-0/DEBUG] [mezz.jei.common.config.file.ConfigSerializer/]: Saving config file: C:\Users\conno\OneDrive\Documents\Modding Projects\Artificer's Armory\Project Folders\Artificer's Armory - Forge-NeoForge 1.20.1\run-data\config\jei\jei-mod-id-format.ini
[10Mar2026 19:13:07.947] [modloading-worker-0/DEBUG] [mezz.jei.common.config.file.ConfigSerializer/]: Loading config file: C:\Users\conno\OneDrive\Documents\Modding Projects\Artificer's Armory\Project Folders\Artificer's Armory - Forge-NeoForge 1.20.1\run-data\config\jei\jei-colors.ini
[10Mar2026 19:13:07.950] [modloading-worker-0/DEBUG] [mezz.jei.common.config.file.ConfigSerializer/]: Saving config file: C:\Users\conno\OneDrive\Documents\Modding Projects\Artificer's Armory\Project Folders\Artificer's Armory - Forge-NeoForge 1.20.1\run-data\config\jei\jei-colors.ini
[10Mar2026 19:13:07.967] [modloading-worker-0/DEBUG] [mezz.jei.common.config.file.ConfigSerializer/]: Loading config file: C:\Users\conno\OneDrive\Documents\Modding Projects\Artificer's Armory\Project Folders\Artificer's Armory - Forge-NeoForge 1.20.1\run-data\config\jei\jei-client.ini
[10Mar2026 19:13:07.969] [modloading-worker-0/DEBUG] [mezz.jei.common.config.file.ConfigSerializer/]: Saving config file: C:\Users\conno\OneDrive\Documents\Modding Projects\Artificer's Armory\Project Folders\Artificer's Armory - Forge-NeoForge 1.20.1\run-data\config\jei\jei-client.ini
[10Mar2026 19:13:07.976] [modloading-worker-0/INFO] [mezz.jei.library.load.PluginCaller/]: Sending ConfigManager...
[10Mar2026 19:13:07.981] [modloading-worker-0/DEBUG] [mezz.jei.library.load.PluginCallerTimerRunnable/]: Sending ConfigManager: jei:minecraft...
[10Mar2026 19:13:07.981] [modloading-worker-0/DEBUG] [mezz.jei.library.load.PluginCallerTimerRunnable/]: Sending ConfigManager: jei:debug...
[10Mar2026 19:13:07.981] [modloading-worker-0/DEBUG] [mezz.jei.library.load.PluginCallerTimerRunnable/]: Sending ConfigManager: jei:gui...
[10Mar2026 19:13:07.981] [modloading-worker-0/DEBUG] [mezz.jei.library.load.PluginCallerTimerRunnable/]: Sending ConfigManager: jei:forge_gui...
[10Mar2026 19:13:07.981] [modloading-worker-0/DEBUG] [mezz.jei.library.load.PluginCallerTimerRunnable/]: Sending ConfigManager: infested:brewing_recipes...
[10Mar2026 19:13:07.981] [modloading-worker-0/DEBUG] [mezz.jei.library.load.PluginCallerTimerRunnable/]: Sending ConfigManager: artificers_armory:jei_plugin...
[10Mar2026 19:13:07.981] [modloading-worker-0/DEBUG] [mezz.jei.library.load.PluginCallerTimerRunnable/]: Sending ConfigManager: jei:internal...
[10Mar2026 19:13:07.982] [modloading-worker-0/INFO] [mezz.jei.library.load.PluginCaller/]: Sending ConfigManager took 3.076 ms
[10Mar2026 19:13:07.988] [modloading-worker-0/DEBUG] [net.minecraftforge.common.ForgeMod/FORGEMOD]: Loading Network data for FML net version: FML3
[10Mar2026 19:13:07.997] [modloading-worker-0/DEBUG] [net.minecraftforge.fml.javafmlmod.AutomaticEventSubscriber/LOADING]: Attempting to inject @EventBusSubscriber classes into the eventbus for jei
[10Mar2026 19:13:08.001] [modloading-worker-0/DEBUG] [net.minecraftforge.fml.config.ConfigTracker/CONFIG]: Config file forge-client.toml for forge tracking
[10Mar2026 19:13:08.001] [modloading-worker-0/DEBUG] [net.minecraftforge.fml.config.ConfigTracker/CONFIG]: Config file forge-server.toml for forge tracking
[10Mar2026 19:13:08.001] [modloading-worker-0/DEBUG] [net.minecraftforge.fml.ModLoadingContext/]: Attempted to register an empty config for type COMMON on mod forge
[10Mar2026 19:13:08.027] [modloading-worker-0/DEBUG] [net.minecraftforge.fml.javafmlmod.AutomaticEventSubscriber/LOADING]: Attempting to inject @EventBusSubscriber classes into the eventbus for forge
[10Mar2026 19:13:08.027] [modloading-worker-0/DEBUG] [net.minecraftforge.fml.javafmlmod.AutomaticEventSubscriber/LOADING]: Auto-subscribing net.minecraftforge.common.ForgeSpawnEggItem$CommonHandler to MOD
[10Mar2026 19:13:08.028] [modloading-worker-0/DEBUG] [net.minecraftforge.fml.javafmlmod.AutomaticEventSubscriber/LOADING]: Auto-subscribing net.minecraftforge.common.ForgeSpawnEggItem$ColorRegisterHandler to MOD
[10Mar2026 19:13:08.035] [modloading-worker-0/DEBUG] [net.minecraftforge.fml.javafmlmod.AutomaticEventSubscriber/LOADING]: Auto-subscribing net.minecraftforge.client.model.data.ModelDataManager to FORGE
[10Mar2026 19:13:08.037] [modloading-worker-0/DEBUG] [net.minecraftforge.fml.javafmlmod.AutomaticEventSubscriber/LOADING]: Auto-subscribing net.minecraftforge.client.ForgeHooksClient$ClientEvents to MOD
[10Mar2026 19:13:08.042] [modloading-worker-0/DEBUG] [net.minecraftforge.fml.javafmlmod.AutomaticEventSubscriber/LOADING]: Auto-subscribing net.minecraftforge.client.ClientForgeMod to MOD
[10Mar2026 19:13:08.068] [main/DEBUG] [net.minecraftforge.registries.ObjectHolderRegistry/REGISTRIES]: Processing ObjectHolder annotations
[10Mar2026 19:13:08.083] [main/DEBUG] [net.minecraftforge.registries.ObjectHolderRegistry/REGISTRIES]: Found 3925 ObjectHolder annotations
[10Mar2026 19:13:08.087] [main/DEBUG] [net.minecraftforge.common.capabilities.CapabilityManager/CAPABILITIES]: Attempting to automatically register: Lnet/minecraftforge/energy/IEnergyStorage;
[10Mar2026 19:13:08.089] [main/DEBUG] [net.minecraftforge.common.capabilities.CapabilityManager/CAPABILITIES]: Attempting to automatically register: Lnet/minecraftforge/fluids/capability/IFluidHandler;
[10Mar2026 19:13:08.089] [main/DEBUG] [net.minecraftforge.common.capabilities.CapabilityManager/CAPABILITIES]: Attempting to automatically register: Lnet/minecraftforge/fluids/capability/IFluidHandlerItem;
[10Mar2026 19:13:08.089] [main/DEBUG] [net.minecraftforge.common.capabilities.CapabilityManager/CAPABILITIES]: Attempting to automatically register: Lnet/minecraftforge/items/IItemHandler;
[10Mar2026 19:13:08.090] [main/DEBUG] [net.minecraftforge.registries.GameData/REGISTRIES]: Unfreezing vanilla registries
[10Mar2026 19:13:08.094] [main/DEBUG] [net.minecraftforge.registries.GameData/REGISTRIES]: Applying holder lookups: minecraft:sound_event
[10Mar2026 19:13:08.096] [main/DEBUG] [net.minecraftforge.registries.GameData/REGISTRIES]: Holder lookups applied: minecraft:sound_event
[10Mar2026 19:13:08.097] [main/DEBUG] [net.minecraftforge.registries.GameData/REGISTRIES]: Applying holder lookups: minecraft:fluid
[10Mar2026 19:13:08.097] [main/DEBUG] [net.minecraftforge.registries.GameData/REGISTRIES]: Holder lookups applied: minecraft:fluid
[10Mar2026 19:13:08.097] [main/DEBUG] [net.minecraftforge.registries.GameData/REGISTRIES]: Applying holder lookups: minecraft:block
[10Mar2026 19:13:08.098] [main/DEBUG] [net.minecraftforge.registries.GameData/REGISTRIES]: Holder lookups applied: minecraft:block
[10Mar2026 19:13:08.098] [main/DEBUG] [net.minecraftforge.registries.GameData/REGISTRIES]: Applying holder lookups: minecraft:attribute
[10Mar2026 19:13:08.098] [main/DEBUG] [net.minecraftforge.registries.GameData/REGISTRIES]: Holder lookups applied: minecraft:attribute
[10Mar2026 19:13:08.098] [main/DEBUG] [net.minecraftforge.registries.GameData/REGISTRIES]: Applying holder lookups: minecraft:mob_effect
[10Mar2026 19:13:08.099] [main/DEBUG] [net.minecraftforge.registries.GameData/REGISTRIES]: Holder lookups applied: minecraft:mob_effect
[10Mar2026 19:13:08.099] [main/DEBUG] [net.minecraftforge.registries.GameData/REGISTRIES]: Applying holder lookups: minecraft:particle_type
[10Mar2026 19:13:08.099] [main/DEBUG] [net.minecraftforge.registries.GameData/REGISTRIES]: Holder lookups applied: minecraft:particle_type
[10Mar2026 19:13:08.118] [main/DEBUG] [software.bernie.geckolib.GeckoLib/]: Registered SyncedAnimatable for class software.bernie.example.item.JackInTheBoxItem
[10Mar2026 19:13:08.130] [main/DEBUG] [net.minecraftforge.registries.GameData/REGISTRIES]: Applying holder lookups: minecraft:item
[10Mar2026 19:13:08.131] [main/DEBUG] [net.minecraftforge.registries.GameData/REGISTRIES]: Holder lookups applied: minecraft:item
[10Mar2026 19:13:08.179] [main/DEBUG] [net.minecraftforge.registries.GameData/REGISTRIES]: Applying holder lookups: minecraft:entity_type
[10Mar2026 19:13:08.179] [main/DEBUG] [net.minecraftforge.registries.GameData/REGISTRIES]: Holder lookups applied: minecraft:entity_type
[10Mar2026 19:13:08.179] [main/DEBUG] [net.minecraftforge.registries.GameData/REGISTRIES]: Applying holder lookups: minecraft:sensor_type
[10Mar2026 19:13:08.179] [main/DEBUG] [net.minecraftforge.registries.GameData/REGISTRIES]: Holder lookups applied: minecraft:sensor_type
[10Mar2026 19:13:08.179] [main/DEBUG] [net.minecraftforge.registries.GameData/REGISTRIES]: Applying holder lookups: minecraft:memory_module_type
[10Mar2026 19:13:08.179] [main/DEBUG] [net.minecraftforge.registries.GameData/REGISTRIES]: Holder lookups applied: minecraft:memory_module_type
[10Mar2026 19:13:08.180] [main/DEBUG] [net.minecraftforge.registries.GameData/REGISTRIES]: Applying holder lookups: minecraft:potion
[10Mar2026 19:13:08.180] [main/DEBUG] [net.minecraftforge.registries.GameData/REGISTRIES]: Holder lookups applied: minecraft:potion
[10Mar2026 19:13:08.180] [main/DEBUG] [net.minecraftforge.registries.GameData/REGISTRIES]: Applying holder lookups: minecraft:game_event
[10Mar2026 19:13:08.180] [main/DEBUG] [net.minecraftforge.registries.GameData/REGISTRIES]: Holder lookups applied: minecraft:game_event
[10Mar2026 19:13:08.182] [main/DEBUG] [net.minecraftforge.registries.GameData/REGISTRIES]: Applying holder lookups: minecraft:enchantment
[10Mar2026 19:13:08.182] [main/DEBUG] [net.minecraftforge.registries.GameData/REGISTRIES]: Holder lookups applied: minecraft:enchantment
[10Mar2026 19:13:08.187] [main/DEBUG] [net.minecraftforge.registries.GameData/REGISTRIES]: Applying holder lookups: minecraft:block_entity_type
[10Mar2026 19:13:08.187] [main/DEBUG] [net.minecraftforge.registries.GameData/REGISTRIES]: Holder lookups applied: minecraft:block_entity_type
[10Mar2026 19:13:08.187] [main/DEBUG] [net.minecraftforge.registries.GameData/REGISTRIES]: Applying holder lookups: minecraft:painting_variant
[10Mar2026 19:13:08.187] [main/DEBUG] [net.minecraftforge.registries.GameData/REGISTRIES]: Holder lookups applied: minecraft:painting_variant
[10Mar2026 19:13:08.187] [main/DEBUG] [net.minecraftforge.registries.GameData/REGISTRIES]: Applying holder lookups: minecraft:stat_type
[10Mar2026 19:13:08.187] [main/DEBUG] [net.minecraftforge.registries.GameData/REGISTRIES]: Holder lookups applied: minecraft:stat_type
[10Mar2026 19:13:08.187] [main/DEBUG] [net.minecraftforge.registries.GameData/REGISTRIES]: Applying holder lookups: minecraft:custom_stat
[10Mar2026 19:13:08.187] [main/DEBUG] [net.minecraftforge.registries.GameData/REGISTRIES]: Holder lookups applied: minecraft:custom_stat
[10Mar2026 19:13:08.187] [main/DEBUG] [net.minecraftforge.registries.GameData/REGISTRIES]: Applying holder lookups: minecraft:chunk_status
[10Mar2026 19:13:08.188] [main/DEBUG] [net.minecraftforge.registries.GameData/REGISTRIES]: Holder lookups applied: minecraft:chunk_status
[10Mar2026 19:13:08.188] [main/DEBUG] [net.minecraftforge.registries.GameData/REGISTRIES]: Applying holder lookups: minecraft:rule_test
[10Mar2026 19:13:08.188] [main/DEBUG] [net.minecraftforge.registries.GameData/REGISTRIES]: Holder lookups applied: minecraft:rule_test
[10Mar2026 19:13:08.188] [main/DEBUG] [net.minecraftforge.registries.GameData/REGISTRIES]: Applying holder lookups: minecraft:rule_block_entity_modifier
[10Mar2026 19:13:08.188] [main/DEBUG] [net.minecraftforge.registries.GameData/REGISTRIES]: Holder lookups applied: minecraft:rule_block_entity_modifier
[10Mar2026 19:13:08.188] [main/DEBUG] [net.minecraftforge.registries.GameData/REGISTRIES]: Applying holder lookups: minecraft:pos_rule_test
[10Mar2026 19:13:08.188] [main/DEBUG] [net.minecraftforge.registries.GameData/REGISTRIES]: Holder lookups applied: minecraft:pos_rule_test
[10Mar2026 19:13:08.188] [main/DEBUG] [net.minecraftforge.registries.GameData/REGISTRIES]: Applying holder lookups: minecraft:menu
[10Mar2026 19:13:08.188] [main/DEBUG] [net.minecraftforge.registries.GameData/REGISTRIES]: Holder lookups applied: minecraft:menu
[10Mar2026 19:13:08.188] [main/DEBUG] [net.minecraftforge.registries.GameData/REGISTRIES]: Applying holder lookups: minecraft:recipe_type
[10Mar2026 19:13:08.189] [main/DEBUG] [net.minecraftforge.registries.GameData/REGISTRIES]: Holder lookups applied: minecraft:recipe_type
[10Mar2026 19:13:08.216] [main/DEBUG] [net.minecraftforge.registries.GameData/REGISTRIES]: Applying holder lookups: minecraft:recipe_serializer
[10Mar2026 19:13:08.216] [main/DEBUG] [net.minecraftforge.registries.GameData/REGISTRIES]: Holder lookups applied: minecraft:recipe_serializer
[10Mar2026 19:13:08.216] [main/DEBUG] [net.minecraftforge.registries.GameData/REGISTRIES]: Applying holder lookups: minecraft:position_source_type
[10Mar2026 19:13:08.216] [main/DEBUG] [net.minecraftforge.registries.GameData/REGISTRIES]: Holder lookups applied: minecraft:position_source_type
[10Mar2026 19:13:08.218] [main/DEBUG] [net.minecraftforge.registries.GameData/REGISTRIES]: Applying holder lookups: minecraft:command_argument_type
[10Mar2026 19:13:08.219] [main/DEBUG] [net.minecraftforge.registries.GameData/REGISTRIES]: Holder lookups applied: minecraft:command_argument_type
[10Mar2026 19:13:08.219] [main/DEBUG] [net.minecraftforge.registries.GameData/REGISTRIES]: Applying holder lookups: minecraft:villager_type
[10Mar2026 19:13:08.219] [main/DEBUG] [net.minecraftforge.registries.GameData/REGISTRIES]: Holder lookups applied: minecraft:villager_type
[10Mar2026 19:13:08.219] [main/DEBUG] [net.minecraftforge.registries.GameData/REGISTRIES]: Applying holder lookups: minecraft:villager_profession
[10Mar2026 19:13:08.219] [main/DEBUG] [net.minecraftforge.registries.GameData/REGISTRIES]: Holder lookups applied: minecraft:villager_profession
[10Mar2026 19:13:08.219] [main/DEBUG] [net.minecraftforge.registries.GameData/REGISTRIES]: Applying holder lookups: minecraft:point_of_interest_type
[10Mar2026 19:13:08.220] [main/DEBUG] [net.minecraftforge.registries.GameData/REGISTRIES]: Holder lookups applied: minecraft:point_of_interest_type
[10Mar2026 19:13:08.220] [main/DEBUG] [net.minecraftforge.registries.GameData/REGISTRIES]: Applying holder lookups: minecraft:schedule
[10Mar2026 19:13:08.220] [main/DEBUG] [net.minecraftforge.registries.GameData/REGISTRIES]: Holder lookups applied: minecraft:schedule
[10Mar2026 19:13:08.220] [main/DEBUG] [net.minecraftforge.registries.GameData/REGISTRIES]: Applying holder lookups: minecraft:activity
[10Mar2026 19:13:08.220] [main/DEBUG] [net.minecraftforge.registries.GameData/REGISTRIES]: Holder lookups applied: minecraft:activity
[10Mar2026 19:13:08.220] [main/DEBUG] [net.minecraftforge.registries.GameData/REGISTRIES]: Applying holder lookups: minecraft:loot_pool_entry_type
[10Mar2026 19:13:08.220] [main/DEBUG] [net.minecraftforge.registries.GameData/REGISTRIES]: Holder lookups applied: minecraft:loot_pool_entry_type
[10Mar2026 19:13:08.220] [main/DEBUG] [net.minecraftforge.registries.GameData/REGISTRIES]: Applying holder lookups: minecraft:loot_function_type
[10Mar2026 19:13:08.221] [main/DEBUG] [net.minecraftforge.registries.GameData/REGISTRIES]: Holder lookups applied: minecraft:loot_function_type
[10Mar2026 19:13:08.225] [main/DEBUG] [net.minecraftforge.registries.GameData/REGISTRIES]: Applying holder lookups: minecraft:loot_condition_type
[10Mar2026 19:13:08.225] [main/DEBUG] [net.minecraftforge.registries.GameData/REGISTRIES]: Holder lookups applied: minecraft:loot_condition_type
[10Mar2026 19:13:08.225] [main/DEBUG] [net.minecraftforge.registries.GameData/REGISTRIES]: Applying holder lookups: minecraft:loot_number_provider_type
[10Mar2026 19:13:08.225] [main/DEBUG] [net.minecraftforge.registries.GameData/REGISTRIES]: Holder lookups applied: minecraft:loot_number_provider_type
[10Mar2026 19:13:08.225] [main/DEBUG] [net.minecraftforge.registries.GameData/REGISTRIES]: Applying holder lookups: minecraft:loot_nbt_provider_type
[10Mar2026 19:13:08.225] [main/DEBUG] [net.minecraftforge.registries.GameData/REGISTRIES]: Holder lookups applied: minecraft:loot_nbt_provider_type
[10Mar2026 19:13:08.225] [main/DEBUG] [net.minecraftforge.registries.GameData/REGISTRIES]: Applying holder lookups: minecraft:loot_score_provider_type
[10Mar2026 19:13:08.226] [main/DEBUG] [net.minecraftforge.registries.GameData/REGISTRIES]: Holder lookups applied: minecraft:loot_score_provider_type
[10Mar2026 19:13:08.226] [main/DEBUG] [net.minecraftforge.registries.GameData/REGISTRIES]: Applying holder lookups: minecraft:float_provider_type
[10Mar2026 19:13:08.226] [main/DEBUG] [net.minecraftforge.registries.GameData/REGISTRIES]: Holder lookups applied: minecraft:float_provider_type
[10Mar2026 19:13:08.226] [main/DEBUG] [net.minecraftforge.registries.GameData/REGISTRIES]: Applying holder lookups: minecraft:int_provider_type
[10Mar2026 19:13:08.226] [main/DEBUG] [net.minecraftforge.registries.GameData/REGISTRIES]: Holder lookups applied: minecraft:int_provider_type
[10Mar2026 19:13:08.226] [main/DEBUG] [net.minecraftforge.registries.GameData/REGISTRIES]: Applying holder lookups: minecraft:height_provider_type
[10Mar2026 19:13:08.226] [main/DEBUG] [net.minecraftforge.registries.GameData/REGISTRIES]: Holder lookups applied: minecraft:height_provider_type
[10Mar2026 19:13:08.226] [main/DEBUG] [net.minecraftforge.registries.GameData/REGISTRIES]: Applying holder lookups: minecraft:block_predicate_type
[10Mar2026 19:13:08.227] [main/DEBUG] [net.minecraftforge.registries.GameData/REGISTRIES]: Holder lookups applied: minecraft:block_predicate_type
[10Mar2026 19:13:08.227] [main/DEBUG] [net.minecraftforge.registries.GameData/REGISTRIES]: Applying holder lookups: minecraft:worldgen/carver
[10Mar2026 19:13:08.227] [main/DEBUG] [net.minecraftforge.registries.GameData/REGISTRIES]: Holder lookups applied: minecraft:worldgen/carver
[10Mar2026 19:13:08.227] [main/DEBUG] [net.minecraftforge.registries.GameData/REGISTRIES]: Applying holder lookups: minecraft:worldgen/feature
[10Mar2026 19:13:08.227] [main/DEBUG] [net.minecraftforge.registries.GameData/REGISTRIES]: Holder lookups applied: minecraft:worldgen/feature
[10Mar2026 19:13:08.227] [main/DEBUG] [net.minecraftforge.registries.GameData/REGISTRIES]: Applying holder lookups: minecraft:worldgen/structure_processor
[10Mar2026 19:13:08.227] [main/DEBUG] [net.minecraftforge.registries.GameData/REGISTRIES]: Holder lookups applied: minecraft:worldgen/structure_processor
[10Mar2026 19:13:08.227] [main/DEBUG] [net.minecraftforge.registries.GameData/REGISTRIES]: Applying holder lookups: minecraft:worldgen/structure_placement
[10Mar2026 19:13:08.228] [main/DEBUG] [net.minecraftforge.registries.GameData/REGISTRIES]: Holder lookups applied: minecraft:worldgen/structure_placement
[10Mar2026 19:13:08.228] [main/DEBUG] [net.minecraftforge.registries.GameData/REGISTRIES]: Applying holder lookups: minecraft:worldgen/structure_piece
[10Mar2026 19:13:08.228] [main/DEBUG] [net.minecraftforge.registries.GameData/REGISTRIES]: Holder lookups applied: minecraft:worldgen/structure_piece
[10Mar2026 19:13:08.228] [main/DEBUG] [net.minecraftforge.registries.GameData/REGISTRIES]: Applying holder lookups: minecraft:worldgen/structure_type
[10Mar2026 19:13:08.228] [main/DEBUG] [net.minecraftforge.registries.GameData/REGISTRIES]: Holder lookups applied: minecraft:worldgen/structure_type
[10Mar2026 19:13:08.228] [main/DEBUG] [net.minecraftforge.registries.GameData/REGISTRIES]: Applying holder lookups: minecraft:worldgen/placement_modifier_type
[10Mar2026 19:13:08.228] [main/DEBUG] [net.minecraftforge.registries.GameData/REGISTRIES]: Holder lookups applied: minecraft:worldgen/placement_modifier_type
[10Mar2026 19:13:08.228] [main/DEBUG] [net.minecraftforge.registries.GameData/REGISTRIES]: Applying holder lookups: minecraft:worldgen/block_state_provider_type
[10Mar2026 19:13:08.228] [main/DEBUG] [net.minecraftforge.registries.GameData/REGISTRIES]: Holder lookups applied: minecraft:worldgen/block_state_provider_type
[10Mar2026 19:13:08.228] [main/DEBUG] [net.minecraftforge.registries.GameData/REGISTRIES]: Applying holder lookups: minecraft:worldgen/foliage_placer_type
[10Mar2026 19:13:08.229] [main/DEBUG] [net.minecraftforge.registries.GameData/REGISTRIES]: Holder lookups applied: minecraft:worldgen/foliage_placer_type
[10Mar2026 19:13:08.229] [main/DEBUG] [net.minecraftforge.registries.GameData/REGISTRIES]: Applying holder lookups: minecraft:worldgen/trunk_placer_type
[10Mar2026 19:13:08.229] [main/DEBUG] [net.minecraftforge.registries.GameData/REGISTRIES]: Holder lookups applied: minecraft:worldgen/trunk_placer_type
[10Mar2026 19:13:08.229] [main/DEBUG] [net.minecraftforge.registries.GameData/REGISTRIES]: Applying holder lookups: minecraft:worldgen/root_placer_type
[10Mar2026 19:13:08.229] [main/DEBUG] [net.minecraftforge.registries.GameData/REGISTRIES]: Holder lookups applied: minecraft:worldgen/root_placer_type
[10Mar2026 19:13:08.229] [main/DEBUG] [net.minecraftforge.registries.GameData/REGISTRIES]: Applying holder lookups: minecraft:worldgen/tree_decorator_type
[10Mar2026 19:13:08.229] [main/DEBUG] [net.minecraftforge.registries.GameData/REGISTRIES]: Holder lookups applied: minecraft:worldgen/tree_decorator_type
[10Mar2026 19:13:08.229] [main/DEBUG] [net.minecraftforge.registries.GameData/REGISTRIES]: Applying holder lookups: minecraft:worldgen/feature_size_type
[10Mar2026 19:13:08.230] [main/DEBUG] [net.minecraftforge.registries.GameData/REGISTRIES]: Holder lookups applied: minecraft:worldgen/feature_size_type
[10Mar2026 19:13:08.230] [main/DEBUG] [net.minecraftforge.registries.GameData/REGISTRIES]: Applying holder lookups: minecraft:worldgen/biome_source
[10Mar2026 19:13:08.230] [main/DEBUG] [net.minecraftforge.registries.GameData/REGISTRIES]: Holder lookups applied: minecraft:worldgen/biome_source
[10Mar2026 19:13:08.230] [main/DEBUG] [net.minecraftforge.registries.GameData/REGISTRIES]: Applying holder lookups: minecraft:worldgen/chunk_generator
[10Mar2026 19:13:08.230] [main/DEBUG] [net.minecraftforge.registries.GameData/REGISTRIES]: Holder lookups applied: minecraft:worldgen/chunk_generator
[10Mar2026 19:13:08.230] [main/DEBUG] [net.minecraftforge.registries.GameData/REGISTRIES]: Applying holder lookups: minecraft:worldgen/material_condition
[10Mar2026 19:13:08.231] [main/DEBUG] [net.minecraftforge.registries.GameData/REGISTRIES]: Holder lookups applied: minecraft:worldgen/material_condition
[10Mar2026 19:13:08.231] [main/DEBUG] [net.minecraftforge.registries.GameData/REGISTRIES]: Applying holder lookups: minecraft:worldgen/material_rule
[10Mar2026 19:13:08.231] [main/DEBUG] [net.minecraftforge.registries.GameData/REGISTRIES]: Holder lookups applied: minecraft:worldgen/material_rule
[10Mar2026 19:13:08.231] [main/DEBUG] [net.minecraftforge.registries.GameData/REGISTRIES]: Applying holder lookups: minecraft:worldgen/density_function_type
[10Mar2026 19:13:08.231] [main/DEBUG] [net.minecraftforge.registries.GameData/REGISTRIES]: Holder lookups applied: minecraft:worldgen/density_function_type
[10Mar2026 19:13:08.231] [main/DEBUG] [net.minecraftforge.registries.GameData/REGISTRIES]: Applying holder lookups: minecraft:worldgen/structure_pool_element
[10Mar2026 19:13:08.231] [main/DEBUG] [net.minecraftforge.registries.GameData/REGISTRIES]: Holder lookups applied: minecraft:worldgen/structure_pool_element
[10Mar2026 19:13:08.231] [main/DEBUG] [net.minecraftforge.registries.GameData/REGISTRIES]: Applying holder lookups: minecraft:cat_variant
[10Mar2026 19:13:08.232] [main/DEBUG] [net.minecraftforge.registries.GameData/REGISTRIES]: Holder lookups applied: minecraft:cat_variant
[10Mar2026 19:13:08.232] [main/DEBUG] [net.minecraftforge.registries.GameData/REGISTRIES]: Applying holder lookups: minecraft:frog_variant
[10Mar2026 19:13:08.232] [main/DEBUG] [net.minecraftforge.registries.GameData/REGISTRIES]: Holder lookups applied: minecraft:frog_variant
[10Mar2026 19:13:08.232] [main/DEBUG] [net.minecraftforge.registries.GameData/REGISTRIES]: Applying holder lookups: minecraft:banner_pattern
[10Mar2026 19:13:08.232] [main/DEBUG] [net.minecraftforge.registries.GameData/REGISTRIES]: Holder lookups applied: minecraft:banner_pattern
[10Mar2026 19:13:08.232] [main/DEBUG] [net.minecraftforge.registries.GameData/REGISTRIES]: Applying holder lookups: minecraft:instrument
[10Mar2026 19:13:08.232] [main/DEBUG] [net.minecraftforge.registries.GameData/REGISTRIES]: Holder lookups applied: minecraft:instrument
[10Mar2026 19:13:08.232] [main/DEBUG] [net.minecraftforge.registries.GameData/REGISTRIES]: Applying holder lookups: minecraft:decorated_pot_patterns
[10Mar2026 19:13:08.232] [main/DEBUG] [net.minecraftforge.registries.GameData/REGISTRIES]: Holder lookups applied: minecraft:decorated_pot_patterns
[10Mar2026 19:13:08.234] [main/DEBUG] [net.minecraftforge.registries.GameData/REGISTRIES]: Applying holder lookups: minecraft:creative_mode_tab
[10Mar2026 19:13:08.234] [main/DEBUG] [net.minecraftforge.registries.GameData/REGISTRIES]: Holder lookups applied: minecraft:creative_mode_tab
[10Mar2026 19:13:08.250] [main/DEBUG] [net.minecraftforge.registries.GameData/REGISTRIES]: Applying holder lookups: forge:biome_modifier_serializers
[10Mar2026 19:13:08.250] [main/DEBUG] [net.minecraftforge.registries.GameData/REGISTRIES]: Holder lookups applied: forge:biome_modifier_serializers
[10Mar2026 19:13:08.252] [main/DEBUG] [net.minecraftforge.registries.GameData/REGISTRIES]: Applying holder lookups: forge:display_contexts
[10Mar2026 19:13:08.252] [main/DEBUG] [net.minecraftforge.registries.GameData/REGISTRIES]: Holder lookups applied: forge:display_contexts
[10Mar2026 19:13:08.252] [main/DEBUG] [net.minecraftforge.registries.GameData/REGISTRIES]: Applying holder lookups: forge:entity_data_serializers
[10Mar2026 19:13:08.253] [main/DEBUG] [net.minecraftforge.registries.GameData/REGISTRIES]: Holder lookups applied: forge:entity_data_serializers
[10Mar2026 19:13:08.261] [main/DEBUG] [net.minecraftforge.registries.GameData/REGISTRIES]: Applying holder lookups: forge:fluid_type
[10Mar2026 19:13:08.261] [main/DEBUG] [net.minecraftforge.registries.GameData/REGISTRIES]: Holder lookups applied: forge:fluid_type
[10Mar2026 19:13:08.261] [main/DEBUG] [net.minecraftforge.registries.GameData/REGISTRIES]: Applying holder lookups: forge:global_loot_modifier_serializers
[10Mar2026 19:13:08.261] [main/DEBUG] [net.minecraftforge.registries.GameData/REGISTRIES]: Holder lookups applied: forge:global_loot_modifier_serializers
[10Mar2026 19:13:08.270] [main/DEBUG] [net.minecraftforge.registries.GameData/REGISTRIES]: Applying holder lookups: forge:holder_set_type
[10Mar2026 19:13:08.270] [main/DEBUG] [net.minecraftforge.registries.GameData/REGISTRIES]: Holder lookups applied: forge:holder_set_type
[10Mar2026 19:13:08.271] [main/DEBUG] [net.minecraftforge.registries.GameData/REGISTRIES]: Applying holder lookups: forge:structure_modifier_serializers
[10Mar2026 19:13:08.271] [main/DEBUG] [net.minecraftforge.registries.GameData/REGISTRIES]: Holder lookups applied: forge:structure_modifier_serializers
[10Mar2026 19:13:08.271] [main/DEBUG] [net.minecraftforge.registries.GameData/REGISTRIES]: Applying holder lookups: minecraft:worldgen/biome
[10Mar2026 19:13:08.271] [main/DEBUG] [net.minecraftforge.registries.GameData/REGISTRIES]: Holder lookups applied: minecraft:worldgen/biome
[10Mar2026 19:13:08.477] [main/WARN] [net.minecraft.server.packs.VanillaPackResourcesBuilder/]: Assets URL 'union:/C:/Users/conno/.gradle/caches/forge_gradle/minecraft_user_repo/net/minecraftforge/forge/1.20.1-47.3.1_mapped_parchment_2023.09.03-1.20.1/forge-1.20.1-47.3.1_mapped_parchment_2023.09.03-1.20.1-recomp.jar%23191!/assets/.mcassetsroot' uses unexpected schema
[10Mar2026 19:13:08.477] [main/WARN] [net.minecraft.server.packs.VanillaPackResourcesBuilder/]: Assets URL 'union:/C:/Users/conno/.gradle/caches/forge_gradle/minecraft_user_repo/net/minecraftforge/forge/1.20.1-47.3.1_mapped_parchment_2023.09.03-1.20.1/forge-1.20.1-47.3.1_mapped_parchment_2023.09.03-1.20.1-recomp.jar%23191!/data/.mcassetsroot' uses unexpected schema
[10Mar2026 19:13:08.682] [main/INFO] [net.minecraft.data.DataGenerator/]: Starting provider: Recipes
[10Mar2026 19:13:08.689] [main/INFO] [net.minecraft.data.DataGenerator/]: Recipes finished after 5 ms
[10Mar2026 19:13:08.689] [main/INFO] [net.minecraft.data.DataGenerator/]: Starting provider: Loot Tables
[10Mar2026 19:13:08.698] [main/INFO] [net.minecraft.data.DataGenerator/]: Loot Tables finished after 8 ms
[10Mar2026 19:13:08.698] [main/INFO] [net.minecraft.data.DataGenerator/]: Starting provider: Block States: artificers_armory
[10Mar2026 19:13:08.698] [main/INFO] [net.minecraft.data.DataGenerator/]: Block States: artificers_armory finished after 0 ms
[10Mar2026 19:13:08.698] [main/INFO] [net.minecraft.data.DataGenerator/]: Starting provider: Item Models: artificers_armory
[10Mar2026 19:13:08.717] [main/INFO] [net.minecraft.data.DataGenerator/]: Item Models: artificers_armory finished after 18 ms
[10Mar2026 19:13:08.717] [main/INFO] [net.minecraft.data.DataGenerator/]: Starting provider: Tags for minecraft:block mod id artificers_armory
[10Mar2026 19:13:08.792] [main/INFO] [net.minecraft.data.DataGenerator/]: Tags for minecraft:block mod id artificers_armory finished after 75 ms
[10Mar2026 19:13:08.792] [main/INFO] [net.minecraft.data.DataGenerator/]: Starting provider: Tags for minecraft:item mod id artificers_armory
[10Mar2026 19:13:08.793] [main/INFO] [net.minecraft.data.DataGenerator/]: Tags for minecraft:item mod id artificers_armory finished after 1 ms
[10Mar2026 19:13:08.793] [main/INFO] [net.minecraft.data.DataGenerator/]: Starting provider: Tags for minecraft:entity_type mod id artificers_armory
[10Mar2026 19:13:08.794] [main/INFO] [net.minecraft.data.DataGenerator/]: Tags for minecraft:entity_type mod id artificers_armory finished after 0 ms
[10Mar2026 19:13:08.794] [main/INFO] [net.minecraft.data.DataGenerator/]: Starting provider: Global Loot Modifiers : artificers_armory
[10Mar2026 19:13:08.797] [main/INFO] [net.minecraft.data.DataGenerator/]: Global Loot Modifiers : artificers_armory finished after 3 ms
[10Mar2026 19:13:08.797] [main/INFO] [net.minecraft.data.DataGenerator/]: Starting provider: Advancements
[10Mar2026 19:13:08.815] [main/INFO] [net.minecraft.data.DataGenerator/]: Advancements finished after 18 ms
[10Mar2026 19:13:08.815] [main/INFO] [net.minecraft.data.DataGenerator/]: Starting provider: Better Combat Weapon Attributes
[10Mar2026 19:13:08.816] [main/INFO] [net.minecraft.data.DataGenerator/]: Better Combat Weapon Attributes finished after 0 ms
[10Mar2026 19:13:08.816] [main/INFO] [net.minecraft.data.DataGenerator/]: All providers took: 135 ms
[10Mar2026 19:13:08.826] [main/INFO] [net.minecraft.data.HashCache/]: Caching: total files: 41, old count: 41, new count: 41, removed stale: 1, written: 0
